0,1,2,3,4,5,6,7,8,9,10,11,12,13,14,15,16,17,18,19,20,21,22,23,24,25,26,27,28,29,30,31,32,33,34,35,36,37,38,39,40,41,42,43,44,45,46,47,48,49,50,51,52,53,54,55,56,57,58,59,60,61,62,63
0.0,0.0,0.0,0.0,0.0,0.0,0.0,0.0,0.0,0.0,0.0,0.0,0.0,0.0,0.0,0.0,0.0,0.0,0.0,0.0,0.0,0.0,0.0,0.0,0.0,0.0,0.0,0.0,0.0,0.0,0.0,0.0,0.0,0.0,0.0,0.0,0.0,0.0,0.0,0.0,0.0,0.0,0.0,0.0,0.0,0.0,0.0,0.0,0.0,0.0,0.0,0.0,0.0,0.0,0.0,0.0,0.0,0.0,0.0,0.001,0.0,0.0,0.0,0.0
0.0,0.0,0.0,0.0,0.0,0.0,0.0,0.0,0.0,0.0,0.0,0.0,0.0,0.0,0.0,0.0,0.0,0.0,0.0,0.0,0.0,0.0,0.0,0.0,0.0,0.0,0.0,0.0,0.0,0.0,0.0,0.0,0.0,0.0,0.0,0.0,0.0,0.0,0.0,0.0,0.0,0.0,0.0,2.8e-06,0.0,0.0,0.0,0.0,0.0,0.0,0.0,0.0,8.3e-06,0.0,0.0,0.0,0.0,0.0,0.0,0.0039877,0.0,0.0,0.0,0.0
0.0,0.0,0.0,0.0,0.0,0.0,0.0,0.0,0.0,0.0,0.0,0.0,0.0,0.0,0.0,0.0,0.0,0.0,0.0,0.0,0.0,0.0,0.0,0.0,0.0,0.0,0.0,0.0,0.0,0.0,0.0,0.0,0.0,0.0,0.0,0.0,0.0,1e-07,0.0,0.0,0.0,0.0,0.0,2.8e-06,0.0,0.0,0.0,0.0,0.0,0.0,0.0,0.0,1.18e-05,0.0,0.0,0.0,0.0,0.0,0.0,0.0039877,0.0,0.0,0.0,0.0
0.0,0.0,0.0,0.0,0.0,0.0,0.0,0.0,0.0,0.0,0.0,0.0,0.0,0.0,0.0,0.0,0.0,0.0,0.0,0.0,0.0,0.0,0.0,0.0,0.0,0.0,0.0,0.0,0.0,0.0,0.0,0.0,0.0,0.0,0.0,0.0,0.0,2e-07,0.0,0.0,0.0,0.0,0.0,2.8e-06,0.0,0.0,0.0,0.0,0.0,0.0,0.0,0.0,1.17e-05,0.0,0.0,0.0,0.0,0.0,0.0,0.0039877,0.0,0.0,0.0,0.0
0.0,0.0,0.0,0.0,0.0,0.0,0.0,0.0,0.0,0.0,0.0,0.0,0.0,0.0,0.0,0.0,0.0,0.0,0.0,0.0,0.0,0.0,0.0,0.0,0.0,0.0,0.0,0.0,0.0,0.0,0.0,0.0,0.0,0.0,0.0,0.0,0.0,2e-07,0.0,0.0,0.0,0.0,0.0,2.8e-06,0.0,0.0,0.0,0.0,0.0,0.0,0.0,0.0,1.17e-05,0.0,0.0,0.0,0.0,0.0,0.0,0.0039877,0.0,0.0,0.0,0.0
0.0,0.0,0.0,0.0,0.0,0.0,0.0,0.0,0.0,0.0,0.0,0.0,0.0,0.0,0.0,0.0,0.0,0.0,0.0,0.0,0.0,0.0,0.0,0.0,0.0,0.0,0.0,0.0,0.0,0.0,0.0,0.0,0.0,0.0,0.0,0.0,0.0,2e-07,0.0,0.0,0.0,0.0,0.0,2.8e-06,0.0,0.0,0.0,0.0,0.0,0.0,0.0,0.0,1.17e-05,0.0,0.0,0.0,0.0,0.0,0.0,0.0039877,0.0,0.0,0.0,0.0
0.0,0.0,0.0,0.0,0.0,0.0,0.0,0.0,0.0,0.0,0.0,0.0,0.0,0.0,0.0,0.0,0.0,0.0,0.0,0.0,0.0,0.0,0.0,0.0,0.0,0.0,0.0,0.0,0.0,0.0,0.0,0.0,0.0,0.0,0.0,0.0,0.0,2e-07,0.0,0.0,0.0,0.0,0.0,2.8e-06,0.0,0.0,0.0,0.0,0.0,0.0,0.0,0.0,1.17e-05,0.0,0.0,0.0,0.0,0.0,0.0,0.0039877,0.0,0.0,0.0,0.0
0.0,0.0,0.0,0.0,0.0,0.0,0.0,0.0,0.0,0.0,0.0,0.0,0.0,0.0,0.0,0.0,0.0,0.0,0.0,0.0,0.0,0.0,0.0,0.0,0.0,0.0,0.0,0.0,0.0,0.0,0.0,0.0,0.0,0.0,0.0,0.0,0.0,2e-07,0.0,0.0,0.0,0.0,0.0,2.8e-06,0.0,0.0,0.0,0.0,0.0,0.0,0.0,0.0,1.17e-05,0.0,0.0,0.0,0.0,0.0,0.0,0.0039877,0.0,0.0,0.0,0.0
0.0,0.0,0.0,0.0,0.0,0.0,0.0,0.0,0.0,0.0,0.0,0.0,0.0,0.0,0.0,0.0,0.0,0.0,0.0,0.0,0.0,0.0,0.0,0.0,0.0,0.0,0.0,0.0,0.0,0.0,0.0,0.0,0.0,0.0,0.0,0.0,0.0,2e-07,0.0,0.0,0.0,0.0,0.0,2.8e-06,0.0,0.0,0.0,0.0,0.0,0.0,0.0,0.0,1.17e-05,0.0,0.0,0.0,0.0,0.0,0.0,0.0039877,0.0,0.0,0.0,0.0
0.0,0.0,0.0,0.0,0.0,0.0,0.0,0.0,0.0,0.0,0.0,0.0,0.0,0.0,0.0,0.0,0.0,0.0,0.0,0.0,0.0,0.0,0.0,0.0,0.0,0.0,0.0,0.0,0.0,0.0,0.0,0.0,0.0,0.0,0.0,0.0,0.0,2e-07,0.0,0.0,0.0,0.0,0.0,2.8e-06,0.0,0.0,0.0,0.0,0.0,0.0,0.0,0.0,1.17e-05,0.0,0.0,0.0,0.0,0.0,0.0,0.0039877,0.0,0.0,0.0,0.0
0.0,0.0,0.0,0.0,0.0,0.0,0.0,0.0,0.0,0.0,0.0,0.0,0.0,0.0,0.0,0.0,0.0,0.0,0.0,0.0,0.0,0.0,0.0,0.0,0.0,0.0,0.0,0.0,0.0,0.0,0.0,0.0,0.0,0.0,0.0,0.0,0.0,2e-07,0.0,0.0,0.0,0.0,0.0,2.8e-06,0.0,0.0,0.0,0.0,0.0,0.0,0.0,0.0,1.17e-05,0.0,0.0,0.0,0.0,0.0,0.0,0.0039877,0.0,0.0,0.0,0.0
0.0,0.0,0.0,0.0,0.0,0.0,0.0,0.0,0.0,0.0,0.0,0.0,0.0,0.0,0.0,0.0,0.0,0.0,0.0,0.0,0.0,0.0,0.0,0.0,0.0,0.0,0.0,0.0,0.0,0.0,0.0,0.0,0.0,0.0,0.0,0.0,0.0,2e-07,0.0,0.0,0.0,0.0,0.0,2.8e-06,0.0,0.0,0.0,0.0,0.0,0.0,0.0,0.0,1.17e-05,0.0,0.0,0.0,0.0,0.0,0.0,0.0039877,0.0,0.0,0.0,0.0
0.0,0.0,0.0,0.0,0.0,0.0,0.0,0.0,0.0,0.0,0.0,0.0,0.0,0.0,0.0,0.0,0.0,0.0,0.0,0.0,0.0,0.0,0.0,0.0,0.0,0.0,0.0,0.0,0.0,0.0,0.0,0.0,0.0,0.0,0.0,0.0,0.0,2e-07,0.0,0.0,0.0,0.0,0.0,2.8e-06,0.0,0.0,0.0,0.0,0.0,0.0,0.0,0.0,1.17e-05,0.0,0.0,0.0,0.0,0.0,0.0,0.0039877,0.0,0.0,0.0,0.0
0.0,0.0,0.0,0.0,0.0,0.0,0.0,0.0,0.0,0.0,0.0,0.0,0.0,0.0,0.0,0.0,0.0,0.0,0.0,0.0,0.0,0.0,0.0,0.0,0.0,0.0,0.0,0.0,0.0,0.0,0.0,0.0,0.0,0.0,0.0,0.0,0.0,2e-07,0.0,0.0,0.0,0.0,0.0,2.8e-06,0.0,0.0,0.0,0.0,0.0,0.0,0.0,0.0,1.17e-05,0.0,0.0,0.0,0.0,0.0,0.0,0.0039877,0.0,0.0,0.0,0.0
0.0,0.0,0.0,0.0,0.0,0.0,0.0,0.0,0.0,0.0,0.0,0.0,0.0,0.0,0.0,0.0,0.0,0.0,0.0,0.0,0.0,0.0,0.0,0.0,0.0,0.0,0.0,0.0,0.0,0.0,0.0,0.0,0.0,0.0,0.0,0.0,0.0,2e-07,0.0,0.0,0.0,0.0,0.0,2.8e-06,0.0,0.0,0.0,0.0,0.0,0.0,0.0,0.0,1.17e-05,0.0,0.0,0.0,0.0,0.0,0.0,0.0039877,0.0,0.0,0.0,0.0
0.0,0.0,0.0,0.0,0.0,0.0,0.0,0.0,0.0,0.0,0.0,0.0,0.0,0.0,0.0,0.0,0.0,0.0,0.0,0.0,0.0,0.0,0.0,0.0,0.0,0.0,0.0,0.0,0.0,0.0,0.0,0.0,0.0,0.0,0.0,0.0,0.0,2e-07,0.0,0.0,0.0,0.0,0.0,2.8e-06,0.0,0.0,0.0,0.0,0.0,0.0,0.0,0.0,1.17e-05,0.0,0.0,0.0,0.0,0.0,0.0,0.0039877,0.0,0.0,0.0,0.0
0.0,0.0,0.0,0.0,0.0,0.0,0.0,0.0,0.0,0.0,0.0,0.0,0.0,0.0,0.0,0.0,0.0,0.0,0.0,0.0,0.0,0.0,0.0,0.0,0.0,0.0,0.0,0.0,0.0,0.0,0.0,0.0,0.0,0.0,0.0,0.0,0.0,2e-07,0.0,0.0,0.0,0.0,0.0,2.8e-06,0.0,0.0,0.0,0.0,0.0,0.0,0.0,0.0,1.17e-05,0.0,0.0,0.0,0.0,0.0,0.0,0.0039877,0.0,0.0,0.0,0.0
0.0,0.0,0.0,0.0,0.0,0.0,0.0,0.0,0.0,0.0,0.0,0.0,0.0,0.0,0.0,0.0,0.0,0.0,0.0,0.0,0.0,0.0,0.0,0.0,0.0,0.0,0.0,0.0,0.0,0.0,0.0,0.0,0.0,0.0,0.0,0.0,0.0,2e-07,0.0,0.0,0.0,0.0,0.0,2.8e-06,0.0,0.0,0.0,0.0,0.0,0.0,0.0,0.0,1.17e-05,0.0,0.0,0.0,0.0,0.0,0.0,0.0039877,0.0,0.0,0.0,0.0
0.0,0.0,0.0,0.0,0.0,0.0,0.0,0.0,0.0,0.0,0.0,0.0,0.0,0.0,0.0,0.0,0.0,0.0,0.0,0.0,0.0,0.0,0.0,0.0,0.0,0.0,0.0,0.0,0.0,0.0,0.0,0.0,0.0,0.0,0.0,0.0,0.0,2e-07,0.0,0.0,0.0,0.0,0.0,2.8e-06,0.0,0.0,0.0,0.0,0.0,0.0,0.0,0.0,1.17e-05,0.0,0.0,0.0,0.0,0.0,0.0,0.0039877,0.0,0.0,0.0,0.0
0.0,0.0,0.0,0.0,0.0,0.0,0.0,0.0,0.0,0.0,0.0,0.0,0.0,0.0,0.0,0.0,0.0,0.0,0.0,0.0,0.0,0.0,0.0,0.0,0.0,0.0,0.0,0.0,0.0,0.0,0.0,0.0,0.0,0.0,0.0,0.0,0.0,2e-07,0.0,0.0,0.0,0.0,0.0,2.8e-06,0.0,0.0,0.0,0.0,0.0,0.0,0.0,0.0,1.17e-05,0.0,0.0,0.0,0.0,0.0,0.0,0.0039877,0.0,0.0,0.0,0.0
0.0,0.0,0.0,0.0,0.0,0.0,0.0,0.0,0.0,0.0,0.0,0.0,0.0,0.0,0.0,0.0,0.0,0.0,0.0,0.0,0.0,0.0,0.0,0.0,0.0,0.0,0.0,0.0,0.0,0.0,0.0,0.0,0.0,0.0,0.0,0.0,0.0,2e-07,0.0,0.0,0.0,0.0,0.0,2.8e-06,0.0,0.0,0.0,0.0,0.0,0.0,0.0,0.0,1.17e-05,0.0,0.0,0.0,0.0,0.0,0.0,0.0039877,0.0,0.0,0.0,0.0
0.0,0.0,0.0,0.0,0.0,0.0,0.0,0.0,0.0,0.0,0.0,0.0,0.0,0.0,0.0,0.0,0.0,0.0,0.0,0.0,0.0,0.0,0.0,0.0,0.0,0.0,0.0,0.0,0.0,0.0,0.0,0.0,0.0,0.0,0.0,0.0,0.0,2e-07,0.0,0.0,0.0,0.0,0.0,2.8e-06,0.0,0.0,0.0,0.0,0.0,0.0,0.0,0.0,1.17e-05,0.0,0.0,0.0,0.0,0.0,0.0,0.0039877,0.0,0.0,0.0,0.0
0.0,0.0,0.0,0.0,0.0,0.0,0.0,0.0,0.0,0.0,0.0,0.0,0.0,0.0,0.0,0.0,0.0,0.0,0.0,0.0,0.0,0.0,0.0,0.0,0.0,0.0,0.0,0.0,0.0,0.0,0.0,0.0,0.0,0.0,0.0,0.0,0.0,2e-07,0.0,0.0,0.0,0.0,0.0,2.8e-06,0.0,0.0,0.0,0.0,0.0,0.0,0.0,0.0,1.17e-05,0.0,0.0,0.0,0.0,0.0,0.0,0.0039877,0.0,0.0,0.0,0.0
0.0,0.0,0.0,0.0,0.0,0.0,0.0,0.0,0.0,0.0,0.0,0.0,0.0,0.0,0.0,0.0,0.0,0.0,0.0,0.0,0.0,0.0,0.0,0.0,0.0,0.0,0.0,0.0,0.0,0.0,0.0,0.0,0.0,0.0,0.0,0.0,0.0,2e-07,0.0,0.0,0.0,0.0,0.0,2.8e-06,0.0,0.0,0.0,0.0,0.0,0.0,0.0,0.0,1.17e-05,0.0,0.0,0.0,0.0,0.0,0.0,0.0039877,0.0,0.0,0.0,0.0
0.0,0.0,0.0,0.0,0.0,0.0,0.0,0.0,0.0,0.0,0.0,0.0,0.0,0.0,0.0,0.0,0.0,0.0,0.0,0.0,0.0,0.0,0.0,0.0,0.0,0.0,0.0,0.0,0.0,0.0,0.0,0.0,0.0,0.0,0.0,0.0,0.0,2e-07,0.0,0.0,0.0,0.0,0.0,2.8e-06,0.0,0.0,0.0,0.0,0.0,0.0,0.0,0.0,1.17e-05,0.0,0.0,0.0,0.0,0.0,0.0,0.0039877,0.0,0.0,0.0,0.0
0.0,0.0,0.0,0.0,0.0,0.0,0.0,0.0,0.0,0.0,0.0,0.0,0.0,0.0,0.0,0.0,0.0,0.0,0.0,0.0,0.0,0.0,0.0,0.0,0.0,0.0,0.0,0.0,0.0,0.0,0.0,0.0,0.0,0.0,0.0,0.0,0.0,2e-07,0.0,0.0,0.0,0.0,0.0,2.8e-06,0.0,0.0,0.0,0.0,0.0,0.0,0.0,0.0,1.17e-05,0.0,0.0,0.0,0.0,0.0,0.0,0.0039877,0.0,0.0,0.0,0.0
0.0,0.0,0.0,0.0,0.0,0.0,0.0,0.0,0.0,0.0,0.0,0.0,0.0,0.0,0.0,0.0,0.0,0.0,0.0,0.0,0.0,0.0,0.0,0.0,0.0,0.0,0.0,0.0,0.0,0.0,0.0,0.0,0.0,0.0,0.0,0.0,0.0,7e-07,0.0,0.0,0.0,0.0,0.0,2.8e-06,0.0,0.0,0.0,0.0,0.0,0.0,0.0,0.0,1.11e-05,0.0,0.0,0.0,0.0,0.0,0.0,0.0039877,0.0,0.0,0.0,0.0
0.0,0.0,0.0,0.0,0.0,0.0,0.0,0.0,0.0,0.0,0.0,0.0,0.0,0.0,0.0,0.0,0.0,0.0,0.0,0.0,0.0,0.0,0.0,0.0,0.0,0.0,0.0,0.0,0.0,0.0,0.0,0.0,2e-07,0.0,0.0,0.0,0.0,1.5e-06,0.0,0.0,0.0,0.0,0.0,2.8e-06,0.0,0.0,0.0,0.0,0.0,0.0,0.0,0.0,1e-05,0.0,0.0,0.0,0.0,0.0,0.0,0.0039877,0.0,0.0,0.0,0.0
0.0,0.0,0.0,0.0,0.0,0.0,0.0,0.0,0.0,0.0,0.0,0.0,0.0,0.0,0.0,0.0,0.0,1e-07,0.0,0.0,0.0,0.0,0.0,0.0,0.0,0.0,0.0,0.0,0.0,0.0,0.0,0.0,4e-07,0.0,0.0,0.0,0.0,2e-06,0.0,0.0,0.0,0.0,0.0,2.7e-06,0.0,0.0,0.0,0.0,0.0,0.0,0.0,0.0,9.1e-06,0.0,0.0,0.0,0.0,0.0,0.0,0.0039877,0.0,0.0,0.0,0.0
0.0,1e-07,0.0,0.0,0.0,0.0,0.0,0.0,0.0,0.0,0.0,0.0,0.0,0.0,0.0,0.0,0.0,1e-07,0.0,0.0,0.0,0.0,0.0,0.0,0.0,0.0,0.0,0.0,0.0,0.0,0.0,0.0,6e-07,0.0,0.0,0.0,0.0,2.4e-06,0.0,0.0,0.0,0.0,0.0,2.7e-06,0.0,0.0,0.0,0.0,0.0,0.0,0.0,0.0,8.2e-06,0.0,0.0,0.0,0.0,0.0,0.0,0.0039877,0.0,0.0,0.0,0.0
0.0,1e-07,0.0,0.0,0.0,0.0,0.0,0.0,0.0,0.0,0.0,0.0,0.0,0.0,0.0,0.0,0.0,2e-07,0.0,0.0,0.0,0.0,0.0,0.0,0.0,0.0,0.0,0.0,0.0,0.0,0.0,0.0,8e-07,0.0,0.0,0.0,0.0,2.7e-06,0.0,0.0,0.0,0.0,0.0,2.7e-06,0.0,0.0,0.0,0.0,0.0,0.0,0.0,0.0,7.4e-06,0.0,0.0,0.0,0.0,0.0,0.0,0.0039877,0.0,0.0,0.0,0.0
0.0,2e-07,0.0,0.0,0.0,0.0,0.0,0.0,0.0,0.0,0.0,0.0,0.0,0.0,0.0,0.0,0.0,3e-07,0.0,0.0,0.0,0.0,0.0,0.0,0.0,0.0,0.0,0.0,0.0,0.0,0.0,0.0,1e-06,0.0,0.0,0.0,0.0,2.9e-06,0.0,0.0,0.0,0.0,0.0,2.7e-06,0.0,0.0,0.0,0.0,0.0,0.0,0.0,0.0,6.7e-06,0.0,0.0,0.0,0.0,0.0,0.0,0.0039877,0.0,0.0,0.0,0.0
0.0,2e-07,0.0,0.0,0.0,0.0,0.0,0.0,0.0,0.0,0.0,0.0,0.0,0.0,0.0,0.0,0.0,3e-07,0.0,0.0,0.0,0.0,0.0,0.0,0.0,0.0,0.0,0.0,0.0,0.0,0.0,0.0,1.2e-06,0.0,0.0,0.0,0.0,3.1e-06,0.0,0.0,0.0,0.0,0.0,6.4e-06,0.0,0.0,0.0,0.0,0.0,0.0,0.0,0.0,9.6e-06,0.0,0.0,0.0,0.0,0.0,0.0,0.0039798,0.0,0.0,0.0,0.0
0.0,3e-07,0.0,0.0,0.0,0.0,0.0,0.0,0.0,0.0,0.0,0.0,0.0,0.0,0.0,0.0,0.0,4e-07,0.0,0.0,0.0,0.0,0.0,0.0,0.0,0.0,0.0,0.0,0.0,0.0,0.0,0.0,1.3e-06,0.0,0.0,0.0,0.0,3.4e-06,0.0,0.0,0.0,0.0,0.0,6.4e-06,0.0,0.0,0.0,0.0,0.0,0.0,0.0,0.0,8.7e-06,0.0,0.0,0.0,0.0,0.0,0.0,0.0039798,0.0,0.0,0.0,0.0
0.0,4e-07,0.0,0.0,0.0,0.0,0.0,0.0,0.0,0.0,0.0,0.0,0.0,0.0,0.0,0.0,0.0,5e-07,0.0,0.0,0.0,0.0,0.0,0.0,0.0,0.0,0.0,0.0,0.0,0.0,0.0,0.0,1.5e-06,0.0,0.0,0.0,0.0,3.6e-06,0.0,0.0,0.0,0.0,0.0,6.4e-06,0.0,0.0,0.0,0.0,0.0,0.0,0.0,0.0,7.9e-06,0.0,0.0,0.0,0.0,0.0,0.0,0.0039798,0.0,0.0,0.0,0.0
0.0,4e-07,0.0,0.0,0.0,0.0,0.0,0.0,0.0,0.0,0.0,0.0,0.0,0.0,0.0,0.0,0.0,6e-07,0.0,0.0,0.0,0.0,0.0,0.0,0.0,0.0,0.0,0.0,0.0,0.0,0.0,0.0,1.6e-06,0.0,0.0,0.0,0.0,3.7e-06,0.0,0.0,0.0,0.0,0.0,6.4e-06,0.0,0.0,0.0,0.0,0.0,0.0,0.0,0.0,7.1e-06,0.0,0.0,0.0,0.0,0.0,0.0,0.0039798,0.0,0.0,0.0,0.0
0.0,5e-07,0.0,0.0,0.0,0.0,0.0,0.0,0.0,0.0,0.0,0.0,0.0,0.0,0.0,0.0,0.0,6e-07,0.0,0.0,0.0,0.0,0.0,0.0,0.0,0.0,0.0,0.0,0.0,0.0,0.0,0.0,1.7e-06,0.0,0.0,0.0,0.0,3.9e-06,0.0,0.0,0.0,0.0,0.0,6.4e-06,0.0,0.0,0.0,0.0,0.0,0.0,0.0,0.0,9.9e-06,0.0,0.0,0.0,0.0,0.0,0.0,0.0039758,0.0,0.0,0.0,0.0
0.0,6e-07,0.0,0.0,0.0,0.0,0.0,0.0,0.0,0.0,0.0,0.0,0.0,0.0,0.0,0.0,0.0,7e-07,0.0,0.0,0.0,0.0,0.0,0.0,0.0,0.0,0.0,0.0,0.0,0.0,0.0,0.0,1.9e-06,0.0,0.0,0.0,0.0,4.1e-06,0.0,0.0,0.0,0.0,0.0,6.4e-06,0.0,0.0,0.0,0.0,0.0,0.0,0.0,0.0,1.26e-05,0.0,0.0,0.0,0.0,0.0,0.0,0.0039718,0.0,0.0,0.0,0.0
0.0,6e-07,0.0,0.0,0.0,0.0,0.0,0.0,0.0,0.0,0.0,0.0,0.0,0.0,0.0,0.0,0.0,8e-07,0.0,0.0,0.0,0.0,0.0,0.0,0.0,0.0,0.0,0.0,0.0,0.0,0.0,0.0,2e-06,0.0,0.0,0.0,0.0,4.6e-06,0.0,0.0,0.0,0.0,0.0,6.4e-06,0.0,0.0,0.0,0.0,0.0,0.0,0.0,0.0,1.5e-05,0.0,0.0,0.0,0.0,0.0,0.0,0.0039679,0.0,0.0,0.0,0.0
0.0,7e-07,0.0,0.0,0.0,0.0,0.0,0.0,0.0,0.0,0.0,0.0,0.0,0.0,0.0,0.0,0.0,8e-07,0.0,0.0,0.0,0.0,0.0,0.0,0.0,0.0,0.0,0.0,0.0,0.0,0.0,0.0,2.2e-06,0.0,0.0,0.0,0.0,5.2e-06,0.0,0.0,0.0,0.0,0.0,6.4e-06,0.0,0.0,0.0,0.0,0.0,0.0,0.0,0.0,1.35e-05,0.0,0.0,0.0,0.0,0.0,0.0,0.0039679,0.0,0.0,0.0,0.0
0.0,7e-07,0.0,0.0,0.0,0.0,0.0,0.0,0.0,0.0,0.0,0.0,0.0,0.0,0.0,0.0,0.0,9e-07,0.0,0.0,0.0,0.0,0.0,0.0,0.0,0.0,0.0,0.0,0.0,0.0,0.0,0.0,2.4e-06,0.0,0.0,0.0,0.0,5.7e-06,0.0,0.0,0.0,0.0,0.0,6.4e-06,0.0,0.0,0.0,0.0,0.0,0.0,0.0,0.0,1.57e-05,0.0,0.0,0.0,0.0,0.0,0.0,0.0049639,0.0,0.0,0.0,0.0
0.0,8e-07,0.0,0.0,0.0,0.0,0.0,0.0,0.0,0.0,0.0,0.0,0.0,0.0,0.0,0.0,0.0,1e-06,0.0,0.0,0.0,0.0,0.0,0.0,0.0,0.0,0.0,0.0,0.0,0.0,0.0,0.0,2.6e-06,0.0,0.0,0.0,0.0,6.1e-06,0.0,0.0,0.0,0.0,0.0,1.1e-05,0.0,0.0,0.0,0.0,0.0,0.0,0.0,0.0,1.42e-05,0.0,0.0,0.0,0.0,0.0,0.0,0.0049589,0.0,0.0,0.0,0.0
0.0,9e-07,0.0,0.0,0.0,0.0,0.0,0.0,0.0,0.0,0.0,0.0,0.0,0.0,0.0,0.0,0.0,1.1e-06,0.0,0.0,0.0,0.0,0.0,0.0,0.0,0.0,0.0,0.0,0.0,0.0,0.0,0.0,2.9e-06,0.0,0.0,0.0,0.0,6.5e-06,0.0,0.0,0.0,0.0,0.0,1.1e-05,0.0,0.0,0.0,0.0,0.0,0.0,0.0,0.0,1.73e-05,0.0,0.0,0.0,0.0,0.0,0.0,0.004954,0.0,0.0,0.0,0.0
0.0,1e-06,0.0,0.0,0.0,0.0,0.0,0.0,0.0,0.0,0.0,0.0,0.0,0.0,0.0,0.0,0.0,1.2e-06,0.0,0.0,0.0,0.0,0.0,0.0,0.0,0.0,0.0,0.0,0.0,0.0,0.0,0.0,3.1e-06,0.0,0.0,0.0,0.0,6.9e-06,0.0,0.0,0.0,0.0,0.0,1.1e-05,0.0,0.0,0.0,0.0,0.0,0.0,0.0,0.0,1.57e-05,0.0,0.0,0.0,0.0,0.0,0.0,0.004954,0.0,0.0,0.0,0.0
0.0,1e-06,0.0,0.0,0.0,0.0,0.0,0.0,0.0,0.0,0.0,0.0,0.0,0.0,0.0,0.0,0.0,1.3e-06,0.0,0.0,0.0,0.0,0.0,0.0,0.0,0.0,0.0,0.0,0.0,0.0,0.0,0.0,3.3e-06,0.0,0.0,0.0,0.0,7.1e-06,0.0,0.0,0.0,0.0,0.0,1.1e-05,0.0,0.0,0.0,0.0,0.0,0.0,0.0,0.0,1.42e-05,0.0,0.0,0.0,0.0,0.0,0.0,0.004954,0.0,0.0,0.0,0.0
0.0,1.1e-06,0.0,0.0,0.0,0.0,0.0,0.0,0.0,0.0,0.0,0.0,0.0,0.0,0.0,0.0,0.0,1.4e-06,0.0,0.0,0.0,0.0,0.0,0.0,0.0,0.0,0.0,0.0,0.0,0.0,0.0,0.0,3.5e-06,0.0,0.0,0.0,0.0,7.3e-06,0.0,0.0,0.0,0.0,0.0,1.1e-05,0.0,0.0,0.0,0.0,0.0,0.0,0.0,0.0,1.29e-05,0.0,0.0,0.0,0.0,0.0,0.0,0.004954,0.0,0.0,0.0,0.0
0.0,1.2e-06,0.0,0.0,0.0,0.0,0.0,0.0,0.0,0.0,0.0,0.0,0.0,0.0,0.0,0.0,0.0,1.5e-06,0.0,0.0,0.0,0.0,0.0,0.0,0.0,0.0,0.0,0.0,0.0,0.0,0.0,0.0,3.6e-06,0.0,0.0,0.0,0.0,7.3e-06,0.0,0.0,0.0,0.0,0.0,1.1e-05,0.0,0.0,0.0,0.0,0.0,0.0,0.0,0.0,1.17e-05,0.0,0.0,0.0,0.0,0.0,0.0,0.004954,0.0,0.0,0.0,0.0
0.0,1.3e-06,0.0,0.0,0.0,0.0,0.0,0.0,0.0,0.0,0.0,0.0,0.0,0.0,0.0,0.0,0.0,1.6e-06,0.0,0.0,0.0,0.0,0.0,0.0,0.0,0.0,0.0,0.0,0.0,0.0,0.0,0.0,3.7e-06,0.0,0.0,0.0,0.0,7.2e-06,0.0,0.0,0.0,0.0,0.0,1.1e-05,0.0,0.0,0.0,0.0,0.0,0.0,0.0,0.0,1.06e-05,0.0,0.0,0.0,0.0,0.0,0.0,0.004954,0.0,0.0,0.0,0.0
0.0,1.3e-06,0.0,0.0,0.0,0.0,0.0,0.0,0.0,0.0,0.0,0.0,0.0,0.0,0.0,0.0,0.0,1.6e-06,0.0,0.0,0.0,0.0,0.0,0.0,0.0,0.0,0.0,0.0,0.0,0.0,0.0,0.0,3.8e-06,0.0,0.0,0.0,0.0,7e-06,0.0,0.0,0.0,0.0,0.0,1.1e-05,0.0,0.0,0.0,0.0,0.0,0.0,0.0,0.0,9.6e-06,0.0,0.0,0.0,0.0,0.0,0.0,0.004954,0.0,0.0,0.0,0.0
0.0,1.4e-06,0.0,0.0,0.0,0.0,0.0,0.0,0.0,0.0,0.0,0.0,0.0,0.0,0.0,0.0,0.0,1.7e-06,0.0,0.0,0.0,0.0,0.0,0.0,0.0,0.0,0.0,0.0,0.0,0.0,0.0,0.0,3.8e-06,0.0,0.0,0.0,0.0,6.8e-06,0.0,0.0,0.0,0.0,0.0,1.1e-05,0.0,0.0,0.0,0.0,0.0,0.0,0.0,0.0,8.7e-06,0.0,0.0,4.6e-06,0.0,0.0,0.0,0.005949,0.0,0.0,0.0,0.0
0.0,1.4e-06,0.0,0.0,0.0,0.0,0.0,0.0,0.0,0.0,0.0,0.0,0.0,0.0,0.0,0.0,0.0,1.7e-06,0.0,0.0,0.0,0.0,0.0,0.0,0.0,0.0,0.0,0.0,0.0,0.0,0.0,0.0,3.8e-06,0.0,0.0,0.0,0.0,6.6e-06,0.0,0.0,0.0,0.0,0.0,1.1e-05,0.0,0.0,0.0,0.0,0.0,0.0,0.0,0.0,7.9e-06,0.0,0.0,4.6e-06,0.0,0.0,0.0,0.005949,0.0,0.0,0.0,0.0
0.0,1.5e-06,0.0,0.0,0.0,0.0,0.0,0.0,0.0,0.0,0.0,0.0,0.0,0.0,0.0,0.0,0.0,1.9e-06,0.0,0.0,0.0,0.0,0.0,0.0,0.0,0.0,0.0,0.0,0.0,0.0,0.0,0.0,7.2e-06,0.0,0.0,0.0,0.0,9.63e-05,0.0,0.0,0.0,0.0,0.0,1.1e-05,0.0,0.0,0.0,0.0,0.0,0.0,0.0,0.0,7.7e-06,0.0,0.0,0.0034643,0.0,0.0,0.0,0.0860769,0.0,0.0,0.0,0.0
0.0,2.7e-06,0.0,0.0,0.0,0.0,0.0,0.0,0.0,0.0,0.0,0.0,0.0,0.0,0.0,0.0,0.0,6.4e-06,0.0,0.0,0.0,0.0,0.0,0.0,0.0,0.0,0.0,0.0,0.0,0.0,0.0,0.0,6.41e-05,0.0,0.0,0.0,0.0,0.0007931,0.0,0.0,0.0,0.0,0.0,0.0001207,0.0,0.0,0.0,0.0,0.0,0.0,0.0,0.0,7.7e-06,0.0,0.0,0.0145017,0.0,0.0,0.0,0.1720226,0.0,0.0,0.0,0.0
0.0,1.22e-05,0.0,0.0,0.0,0.0,0.0,0.0,0.0,0.0,0.0,0.0,0.0,0.0,0.0,0.0,0.0,3.29e-05,0.0,0.0,0.0,0.0,0.0,0.0,0.0,0.0,0.0,0.0,0.0,0.0,0.0,0.0,0.0002914,0.0,0.0,0.0,0.0,0.00257,0.0,0.0,0.0,0.0,0.0,0.0001207,0.0,0.0,0.0,0.0,0.0,0.0,0.0,0.0,7.7e-06,0.0,0.0,0.0317217,0.0,0.0,0.0,0.2508526,0.0,0.0,0.0,0.0
0.0,4.7e-05,0.0,0.0,0.0,0.0,0.0,0.0,0.0,0.0,0.0,0.0,0.0,0.0,0.0,0.0,0.0,0.0001109,1e-06,6e-07,0.0,0.0,0.0,0.0,0.0,0.0,0.0,0.0,0.0,0.0,0.0,0.0,0.000818,0.0,5.1e-06,4e-07,0.0,0.0055911,0.0,0.0,0.0,0.0,0.0,0.0001207,0.0,0.0,0.0,0.0,0.0,0.0,0.0,0.0,7.7e-06,0.0,0.0,0.0528271,0.0,0.0,0.0,0.3194592,0.0,0.0,0.0,0.0
0.0,0.0001343,1e-07,0.0,0.0,1e-07,0.0,0.0,0.0,0.0,0.0,0.0,0.0,0.0,0.0,0.0,0.0,0.0002803,1e-06,6e-07,0.0,0.0,0.0,0.0,0.0,0.0,0.0,0.0,0.0,0.0,0.0,0.0,0.0017648,0.0,5.1e-06,4e-07,0.0,0.0101726,0.0,0.0,0.0,0.0,0.0,0.0001207,0.0,0.0,0.0,0.0,0.0,0.0,0.0,0.0,7.7e-06,0.0,0.0,0.0786832,0.0,0.0,0.0,0.384252,0.0,0.0,0.0,0.0
3e-07,0.0003064,1e-07,0.0,0.0,1e-07,0.0,0.0,0.0,0.0,0.0,0.0,0.0,0.0,0.0,0.0,2e-07,0.000583,1e-06,6e-07,0.0,0.0,0.0,0.0,0.0,0.0,0.0,0.0,0.0,0.0,0.0,0.0,0.0032473,0.0,5.1e-06,4e-07,0.0,0.016314,0.0,0.0,0.0,0.0,0.0,0.0001207,0.0,0.0,0.0,0.0,0.0,0.0,0.0,0.0,7.7e-06,0.0,0.0,0.1074765,0.0,0.0,0.0,0.4428761,0.0,0.0,0.0,0.0
7e-07,0.0005967,4e-07,0.0,0.0,1e-07,0.0,0.0,0.0,0.0,0.0,0.0,0.0,0.0,0.0,0.0,5e-07,0.0010526,4.4e-06,4e-06,0.0,0.0,0.0,0.0,0.0,0.0,0.0,0.0,0.0,0.0,0.0,0.0,0.0052793,0.0,5.1e-06,4e-07,0.0,0.0237665,0.0,0.0,0.0,0.0,0.0,0.0001207,0.0,0.0,0.0,0.0,0.0,0.0,0.0,0.0,7.7e-06,0.0,0.0,0.1369308,0.0,0.0,0.0,0.4938973,0.0,0.0,0.0,0.0
1.5e-06,0.0010304,4e-07,0.0,0.0,1e-07,0.0,0.0,0.0,0.0,0.0,0.0,0.0,0.0,0.0,0.0,1.4e-06,0.0017135,4.4e-06,1.28e-05,0.0,0.0,0.0,0.0,0.0,0.0,0.0,0.0,0.0,0.0,0.0,0.0,0.0079198,0.0,5.1e-06,4e-07,0.0,0.0325126,0.0,1e-07,0.0,0.0,0.0,0.0001206,0.0,0.0,0.0,0.0,0.0,0.0,0.0,0.0,7.7e-06,0.0,0.0,0.1680737,0.0,0.0004599,0.0,0.539105,0.0,0.0,0.0,0.0
2.8e-06,0.0016378,4e-07,0.0,0.0,1e-07,0.0,0.0,0.0,0.0,0.0,0.0,0.0,0.0,0.0,0.0,1.4e-06,0.0026172,4.4e-06,2.27e-05,0.0,0.0,0.0,0.0,0.0,0.0,0.0,0.0,0.0,0.0,0.0,0.0,0.0112828,0.0,5.1e-06,4e-07,0.0,0.0427429,0.0,1e-07,0.0,0.0,0.0,0.0001206,0.0,0.0,0.0,0.0,0.0,0.0,0.0,0.0,7.7e-06,0.0,0.0,0.2003807,0.0,0.0004599,0.0,0.5821506,0.0,0.0,0.0,0.0
2.8e-06,0.002457,4e-07,0.0,0.0,1e-07,0.0,0.0,0.0,0.0,0.0,0.0,0.0,0.0,0.0,0.0,1.4e-06,0.003793,1.63e-05,2.27e-05,0.0,0.0,0.0,0.0,0.0,0.0,0.0,0.0,0.0,0.0,0.0,0.0,0.0152864,0.0,5.1e-06,4e-07,0.0,0.0541423,0.0,1e-07,0.0,0.0,0.0,0.0001206,0.0,0.0,0.0,0.0,0.0,0.0,0.0,0.0,7.7e-06,0.0,0.0,0.233739,0.0,0.0004599,0.0,0.6215547,0.0,0.0,0.0,0.0
2.8e-06,0.0034991,4e-07,3.2e-06,0.0,1e-07,0.0,0.0,0.0,0.0,0.0,0.0,0.0,0.0,0.0,0.0,1.4e-06,0.0052329,1.63e-05,3.99e-05,0.0,0.0,0.0,0.0,0.0,0.0,0.0,0.0,0.0,0.0,0.0,0.0,0.0200051,0.0,5.1e-06,6.11e-05,0.0,0.0665068,0.0,1e-07,0.0,0.0,0.0,0.0001206,0.0,0.0,0.0,0.0,0.0,0.0,0.0,0.0,7.7e-06,0.0,0.0,0.2672053,0.0,0.0004599,0.0,0.6572429,0.0,0.0,0.0,0.0
6.6e-06,0.0047708,4e-07,3.2e-06,0.0,1e-07,0.0,0.0,0.0,0.0,0.0,0.0,0.0,0.0,0.0,0.0,1.4e-06,0.0069615,1.63e-05,3.99e-05,0.0,0.0,0.0,0.0,0.0,0.0,0.0,0.0,0.0,0.0,0.0,0.0,0.0252763,0.0,5.1e-06,6.11e-05,0.0,0.07976,0.0,2e-07,0.0,0.0,0.0,0.0001205,0.0,0.0,0.0,0.0,0.0,0.0,0.0,0.0,7.7e-06,0.0,0.0,0.3001286,0.0,0.0004599,0.0,0.6892549,0.0,0.0,0.0,0.0
1.23e-05,0.0062894,4e-07,3.2e-06,0.0,1e-07,0.0,0.0,0.0,0.0,0.0,0.0,0.0,0.0,0.0,0.0,1.54e-05,0.0089524,1.63e-05,4.8e-05,0.0,0.0,0.0,0.0,0.0,0.0,0.0,0.0,0.0,0.0,0.0,0.0,0.0311198,0.0,8.15e-05,6.11e-05,0.0,0.093919,0.0,2e-07,0.0,0.0,0.0,0.0001205,0.0,0.0,0.0,0.0,0.0,0.0,0.0,0.0,7.7e-06,0.0,0.0,0.3322644,0.0,0.0004599,0.0,0.7182771,0.0,0.0,0.0,0.0
1.23e-05,0.0080438,4e-07,1.25e-05,0.0,1e-07,0.0,0.0,0.0,0.0,0.0,0.0,0.0,0.0,0.0,0.0,1.54e-05,0.0112567,1.63e-05,4.8e-05,0.0,0.0,0.0,0.0,0.0,0.0,0.0,0.0,0.0,0.0,0.0,0.0,0.0376114,0.0,8.15e-05,6.11e-05,0.0,0.1088818,0.0,2e-07,0.0,0.0,0.0,0.0001205,0.0,0.0,0.0,0.0,0.0,0.0,0.0,0.0,7.7e-06,0.0,0.0,0.3647471,0.0,0.0004599,0.0,0.7450993,0.0,0.0,0.0,0.0
1.23e-05,0.0100227,4e-07,1.25e-05,0.0,9e-06,0.0,0.0,0.0,0.0,0.0,0.0,0.0,0.0,0.0,0.0,2.39e-05,0.0137889,2.41e-05,8.74e-05,0.0,0.0,0.0,0.0,0.0,0.0,0.0,0.0,0.0,0.0,0.0,0.0,0.044499,0.0,8.15e-05,6.11e-05,0.0,0.1241674,0.0,2e-07,0.0,0.0,0.0,0.0001205,0.0,0.0,0.0,0.0,0.0,0.0,0.0,0.0,7.7e-06,0.0,0.0,0.3954037,0.0,0.0004599,0.0,0.7689059,0.0,0.0,0.0,0.0
3.24e-05,0.0122133,5e-07,1.25e-05,0.0,9e-06,0.0,0.0,0.0,0.0,0.0,0.0,0.0,0.0,0.0,0.0,2.39e-05,0.0165706,0.0001068,8.74e-05,0.0,0.0,0.0,0.0,0.0,0.0,0.0,0.0,0.0,0.0,0.0,0.0,0.0518442,0.0,8.15e-05,6.11e-05,0.0,0.1394342,0.0,2e-07,0.0,0.0,0.0,0.0001205,0.0,0.0,0.0,0.0,0.0,0.0,0.0,0.0,7.7e-06,0.0,0.0,0.4254903,0.0,0.0004599,0.0,0.7904891,0.0,0.0,0.0,0.0
3.24e-05,0.0146272,5e-07,1.25e-05,0.0,9e-06,0.0,0.0,0.0,0.0,0.0,0.0,0.0,0.0,0.0,0.0,3.62e-05,0.0195349,0.00012,8.73e-05,0.0,0.0,0.0,0.0,0.0,0.0,0.0,0.0,0.0,0.0,0.0,0.0,0.0593634,1.78e-05,8.15e-05,6.11e-05,0.0,0.154877,0.0,2e-07,0.0,0.0,0.0,0.0001205,0.0,0.0,0.0,0.0,0.0,0.0,0.0,0.0,7.7e-06,0.0,0.0,0.4527916,0.0,0.0004599,0.0,0.8094855,0.0,0.0,0.0,0.0
3.24e-05,0.0172092,5e-07,1.25e-05,0.0,9e-06,0.0,0.0,0.0,0.0,0.0,0.0,0.0,0.0,0.0,0.0,3.62e-05,0.0227511,0.0001752,8.73e-05,0.0,0.0,0.0,0.0,0.0,0.0,0.0,0.0,0.0,0.0,0.0,0.0,0.0672742,1.78e-05,8.15e-05,6.11e-05,0.0,0.1709387,0.0,2e-07,0.0,0.0,0.0,0.0001205,0.0,0.0,0.0,0.0,0.0,0.0,0.0,0.0,7.7e-06,0.0,0.0,0.4811189,0.0,0.0004599,0.0,0.8274514,0.0,0.0,0.0,0.0
5.06e-05,0.0199531,2.15e-05,1.25e-05,0.0,2.54e-05,0.0,0.0,0.0,0.0,0.0,0.0,0.0,0.0,0.0,0.0,3.61e-05,0.0261733,0.0001752,0.0001732,0.0,0.0,0.0,0.0,0.0,0.0,0.0,0.0,0.0,0.0,0.0,0.0,0.0755171,1.78e-05,8.15e-05,6.11e-05,0.0,0.1870393,0.0,2e-07,0.0,0.0,0.0,0.0001205,0.0,0.0,0.0,0.0,0.0,0.0,0.0,0.0,7.7e-06,0.0,0.0,0.5075351,0.0,0.0004599,0.0,0.8435667,0.0,0.0,0.0,0.0
5.06e-05,0.02292,2.15e-05,1.25e-05,0.0,2.54e-05,0.0,0.0,0.0,0.0,0.0,0.0,0.0,0.0,0.0,0.0,5.67e-05,0.0297131,0.0001957,0.0001732,0.0,0.0,0.0,0.0,0.0,0.0,0.0,0.0,0.0,0.0,0.0,0.0,0.0840404,1.78e-05,8.15e-05,6.11e-05,0.0,0.2033659,0.0,2e-07,0.0,0.0,0.0,0.0001205,0.0,0.0,0.0,0.0,0.0,0.0,0.0,0.0,7.7e-06,0.0,0.0,0.5332721,0.0004777,0.0004599,0.0,0.8583187,0.0,0.0,0.0,0.0
5.06e-05,0.0260279,5.09e-05,1.25e-05,0.0,2.54e-05,0.0,0.0,0.0,0.0,0.0,0.0,0.0,0.0,0.0,0.0,5.67e-05,0.0335454,0.0002731,0.0003318,0.0,0.0,0.0,0.0,0.0,0.0,0.0,0.0,0.0,0.0,0.0,0.0,0.0925709,1.78e-05,8.15e-05,6.11e-05,0.0,0.2193396,0.0,2e-07,0.0,0.0,0.0,0.0001205,0.0,0.0,0.0,0.0,0.0,0.0,0.0,0.0,7.7e-06,0.0,0.0,0.5582862,0.0004777,0.0004599,0.0,0.8718079,0.0,0.0,0.0,0.0
0.0001027,0.0292534,5.09e-05,1.25e-05,0.0,2.54e-05,0.0,0.0,0.0,0.0,0.0,0.0,0.0,0.0,0.0,0.0,5.67e-05,0.0374066,0.0002731,0.0003318,0.0,0.0,0.0,0.0,0.0,0.0,0.0,0.0,0.0,0.0,0.0,0.0,0.1013501,1.78e-05,8.15e-05,6.11e-05,0.0,0.2352524,0.0,2e-07,0.0,0.0,0.0,0.0001205,0.0,0.0,0.0,0.0,0.0,0.0,0.0,0.0,7.7e-06,0.0,0.0,0.5812582,0.0004777,0.0004599,0.0,0.8838967,0.0,0.0,0.0,0.0
0.0001027,0.0325738,8.73e-05,1.25e-05,0.0,2.54e-05,0.0,0.0,0.0,0.0,0.0,0.0,0.0,0.0,0.0,0.0,5.67e-05,0.0413455,0.0002731,0.0003318,0.0,0.0,0.0,0.0,0.0,0.0,0.0,0.0,0.0,0.0,0.0,0.0,0.1100177,1.78e-05,8.15e-05,6.1e-05,0.0,0.2507479,0.0,2e-07,0.0,0.0,0.0,0.0001205,0.0,0.0,0.0,0.0,0.0,0.0,0.0,0.0,7.7e-06,0.0,0.0,0.6036152,0.0004777,0.0004599,0.0,0.8948455,0.0,0.0,0.0,0.0
0.0001027,0.0359148,8.73e-05,5.1e-05,0.0,2.54e-05,0.0,0.0,0.0,0.0,0.0,0.0,0.0,0.0,0.0,0.0,5.66e-05,0.045304,0.0002731,0.0003318,0.0,0.0,0.0,0.0,0.0,0.0,0.0,0.0,0.0,0.0,0.0,0.0,0.1186682,1.78e-05,8.14e-05,6.1e-05,0.0,0.2658674,0.0,2e-07,0.0,0.0,0.0,0.0001205,0.0,0.0,0.0,0.0,0.0,0.0,0.0,0.0,7.7e-06,0.0,0.0002324,0.6237963,0.0004777,0.0004599,0.0,0.904571,0.0,0.0,0.0,0.0
0.0001358,0.0392965,8.73e-05,5.1e-05,0.0,6.06e-05,0.0,0.0,0.0,0.0,0.0,0.0,0.0,0.0,0.0,0.0,9.83e-05,0.0492952,0.0002728,0.0003318,0.0,0.0,0.0,0.0,0.0,0.0,0.0,0.0,0.0,0.0,0.0,0.0,0.1273524,1.78e-05,8.14e-05,6.1e-05,0.0,0.2808213,0.0,2e-07,0.0,0.0,0.0,0.0001205,0.0,0.0,0.0,0.0,0.0,0.0,0.0,0.0,7.7e-06,0.0,0.0002324,0.6430318,0.0004777,0.0004599,0.0,0.9134836,0.0,0.0,0.0,0.0
0.000175,0.0427392,8.73e-05,5.1e-05,0.0,6.06e-05,0.0,0.0,0.0,0.0,0.0,0.0,0.0,0.0,0.0,0.0,9.83e-05,0.0533731,0.0002728,0.0004494,0.0,0.0,0.0,0.0,0.0,0.0,0.0,0.0,0.0,0.0,0.0,0.0,0.1359007,6.48e-05,8.14e-05,6.1e-05,0.0,0.2955243,0.0,2e-07,0.0,0.0,0.0,0.0003909,0.0,0.0,0.0,0.0,0.0,0.0,0.0,0.0,7.7e-06,0.001205,0.0002324,0.6604075,0.0004777,0.0004599,1e-07,0.9201835,0.0,0.0,0.0,0.0
0.000175,0.0462703,8.73e-05,9.33e-05,0.0,0.0001019,0.0,0.0,0.0,0.0,0.0,0.0,0.0,0.0,0.0,0.0,0.0001803,0.0575092,0.0002728,0.0004988,0.0,0.0,0.0,0.0,0.0,0.0,0.0,0.0,0.0,0.0,0.0,0.0,0.1445501,6.48e-05,8.14e-05,6.1e-05,0.0,0.3095344,0.0,2e-07,0.0,0.0,0.0,0.0003909,0.0,0.0,0.0,0.0,0.0,0.0,0.0,0.0,7.7e-06,0.001205,0.0002324,0.6784721,0.0004777,0.0004599,1e-07,0.9277826,0.0,0.0,0.0,0.0
0.000175,0.0497695,8.73e-05,0.0001383,0.0,0.0001019,0.0,0.0,0.0,0.0,0.0,0.0,0.0,0.0,0.0,0.0,0.0001803,0.0615526,0.000316,0.0004988,0.0,0.0,0.0,0.0,0.0,0.0,0.0,0.0,0.0,0.0,0.0,0.0,0.1529123,0.0002003,8.14e-05,6.1e-05,0.0,0.3228427,0.0,2e-07,0.0,0.0,0.0,0.0003909,0.0,0.0,0.0,0.0,0.0,0.0,0.0,0.0,7.7e-06,0.001205,0.0002324,0.6944781,0.0004777,0.0004599,1e-07,0.9345274,0.0,0.0,0.0,0.0
0.000175,0.0532589,0.0001362,0.0001383,0.0,0.0001019,0.0,0.0,0.0,0.0,0.0,0.0,0.0,0.0,0.0,0.0,0.0002261,0.0656467,0.000316,0.0004988,0.0,0.0,0.0,0.0,0.0,0.0,0.0,0.0,0.0,0.0,0.0,0.0,0.1611605,0.0002003,8.14e-05,6.1e-05,0.0,0.3360552,0.0,2e-07,0.0,0.0,0.0,0.0003909,0.0,0.0,0.0,0.0,0.0,0.0,0.0,0.0,7.7e-06,0.001205,0.0002324,0.7104941,0.0004777,0.0004599,1e-07,0.9407609,0.0,0.0,0.0,0.0
0.000175,0.0567295,0.0001969,0.0001383,0.0,0.0001019,0.0,0.0,0.0,0.0,0.0,0.0,0.0,0.0,0.0,0.0,0.000389,0.0696036,0.000316,0.0004988,0.0,0.0,0.0,0.0,0.0,0.0,0.0,0.0,0.0,0.0,0.0,0.0,0.1690576,0.0002003,8.14e-05,6.1e-05,0.0,0.3481889,0.0,2e-07,0.0,0.0,0.0,0.0003909,0.0,0.0,0.0,0.0,0.0,0.0,0.0,0.0,7.7e-06,0.001205,0.0002324,0.7235412,0.0004777,0.0004599,1e-07,0.946186,0.0,0.0,0.0,0.0
0.000175,0.06014,0.0001969,0.0001382,0.0,0.0001564,0.0,0.0,0.0,0.0,0.0,0.0,0.0,0.0,0.0,0.0,0.000389,0.0735573,0.000316,0.0004988,0.0,0.0,0.0,0.0,0.0,0.0,0.0,0.0,0.0,0.0,0.0,0.0,0.1768579,0.0002003,8.14e-05,6.1e-05,0.0,0.3604802,0.0,2e-07,0.0,0.0,0.0,0.0003909,0.0,0.0,0.0,0.0,0.0,0.0,0.0,0.0,7.7e-06,0.001205,0.0002324,0.7377616,0.0004777,0.0004599,1e-07,0.9513095,0.0,0.0,0.0,0.0
0.000175,0.0634456,0.0001969,0.0001383,0.0,0.0002132,0.0,0.0,0.0,0.0,0.0,0.0,0.0,0.0,0.0,0.0,0.000389,0.0772272,0.000316,0.0006623,0.0,0.0,0.0,0.0,0.0,0.0,0.0,0.0,0.0,0.0,0.0,0.0,0.1844524,0.0002003,8.14e-05,6.1e-05,0.0,0.3723279,0.0,2e-07,0.0,0.0,0.0,0.0003909,0.0,0.0,0.0,0.0,0.0,0.0,0.0,0.0,7.7e-06,0.001205,0.0002324,0.75006,0.0004777,0.0004599,1e-07,0.955857,0.0,0.0,0.0,0.0
0.000175,0.0667101,0.0001969,0.0001383,0.0,0.0002132,0.0,0.0,0.0,0.0,0.0,0.0,0.0,0.0,0.0,0.0,0.000389,0.0810902,0.000316,0.000832,0.0,0.0,0.0,0.0,0.0,0.0,0.0,0.0,0.0,0.0,0.0,0.0,0.191732,0.0002003,8.14e-05,6.1e-05,0.0,0.3836386,0.0,2e-07,0.0,0.0,0.0,0.0003909,0.0,0.0,0.0,0.0,0.0,0.0,0.0,0.0,7.7e-06,0.001205,0.0002324,0.7625615,0.0004777,0.0004599,1e-07,0.9600598,0.0,0.0,0.0,0.0
0.000175,0.0699454,0.0001969,0.0001383,0.0,0.0002132,0.0,0.0,0.0,0.0,0.0,0.0,0.0,0.0,0.0,0.0,0.000389,0.0848013,0.000316,0.000832,0.0,0.0,0.0,0.0,0.0,0.0,0.0,0.0,0.0,0.0,0.0,0.0,0.1988954,0.0002003,8.14e-05,6.1e-05,0.0,0.394511,0.0,2e-07,0.0,0.0,0.0,0.0003909,0.0,0.0,0.0,0.0,0.0,0.0,0.0,0.0,7.7e-06,0.001205,0.0002324,0.7742229,0.0004777,0.0004599,1e-07,0.9638624,0.0,0.0,0.0,0.0
0.0003063,0.0730503,0.0003421,0.0001383,0.0,0.000213,0.0,0.0,0.0,0.0,0.0,0.0,0.0,0.0,0.0,0.0,0.000389,0.0883596,0.000316,0.000832,0.0,0.0,0.0,0.0,0.0,0.0,0.0,0.0,0.0,0.0,0.0,0.0,0.2058407,0.0002003,8.14e-05,6.1e-05,0.0,0.4046447,0.0,2e-07,0.0,0.0,0.0,0.0003909,0.0,0.0,0.0,0.0,0.0,0.0,0.0,0.0,7.7e-06,0.001205,0.0002324,0.784986,0.0004777,0.0004599,1e-07,0.9672702,0.0,0.0,0.0,0.0
0.0003755,0.076047,0.0003421,0.0001383,0.0,0.000213,0.0,0.0,0.0,0.0,0.0,0.0,0.0,0.0,0.0,0.0,0.0005386,0.0917887,0.0003156,0.000832,0.0,0.0,0.0,0.0,0.0,0.0,0.0,0.0,0.0,0.0,0.0,0.0,0.2122432,0.0002003,8.14e-05,6.1e-05,0.0,0.4142856,0.0,2e-07,0.0,0.0,0.0,0.0003909,0.0,0.0,0.0,0.0,0.0,0.0,0.0,0.0,7.7e-06,0.001205,0.0002324,0.7949177,0.0004777,0.0004599,1e-07,0.9703271,0.0,0.0,0.0,0.0
0.0004464,0.0789652,0.000413,0.0001383,0.0,0.0002128,0.0,0.0,0.0,0.0,0.0,0.0,0.0,0.0,0.0,0.0,0.0005375,0.0949439,0.0003156,0.000832,0.0,0.0,0.0,0.0,0.0,0.0,0.0,0.0,0.0,0.0,0.0,0.0,0.2182106,0.0002003,8.14e-05,6.1e-05,0.0,0.4233941,0.0,2e-07,0.0,0.0,0.0,0.0003909,0.0,0.0,0.0,0.0,0.0,0.0,0.0,0.0,7.7e-06,0.001205,0.0002324,0.8040808,0.0004777,0.0004599,1e-07,0.9730714,0.0,0.0,0.0,0.0
0.0005195,0.0817809,0.000413,0.0003005,0.0,0.0002869,0.0,0.0,0.0,0.0,0.0,0.0,0.0,0.0,0.0,0.0,0.0005375,0.0982787,0.0003153,0.000832,0.0,0.0,0.0,0.0,0.0,0.0,0.0,0.0,0.0,0.0,0.0,0.0,0.2242027,0.0002003,8.14e-05,6.1e-05,0.0,0.4323832,0.0,2e-07,0.0,0.0,0.0,0.0003909,0.0,0.0,0.0,0.0,0.0,0.0,0.0,0.0,7.7e-06,0.001205,0.0002324,0.8127038,0.0004777,0.0004599,1e-07,0.9755865,0.0,0.0,0.0,0.0
0.0005195,0.0845405,0.000413,0.0003778,0.0,0.0002869,0.0,0.0,0.0,0.0,0.0,0.0,0.0,0.0,0.0,0.0,0.0005375,0.1013344,0.000522,0.0009241,0.0,0.0,0.0,0.0,0.0,0.0,0.0,0.0,0.0,0.0,0.0,0.0,0.2300019,0.0002003,8.14e-05,6.1e-05,0.0,0.4407189,0.0,2e-07,0.0,0.0,0.0,0.0003909,0.0,0.0,0.0,0.0,0.0,0.0,0.0,0.0,7.7e-06,0.001205,0.0002324,0.8207272,0.0004777,0.0004599,1e-07,0.9778666,0.0,0.0,0.0,0.0
0.0005976,0.0871561,0.000413,0.000472,0.0,0.0002869,0.0,0.0,0.0,0.0,0.0,0.0,0.0,0.0,0.0,0.0,0.0005375,0.1042397,0.0005215,0.0009232,0.0,0.0,0.0,0.0,0.0,0.0,0.0,0.0,0.0,0.0,0.0,0.0,0.2354028,0.0002003,8.14e-05,6.1e-05,0.0,0.4484557,0.0,2e-07,0.0,0.0,0.0,0.0003909,0.0,0.0,0.0,0.0,0.0,0.0,0.0,0.0,7.7e-06,0.001205,0.0002324,0.8281879,0.0004777,0.0004599,1e-07,0.9799337,0.0,0.0,0.0,0.0
0.0005976,0.0897142,0.0006074,0.000472,0.0,0.0002869,0.0,0.0,0.0,0.0,0.0,0.0,0.0,0.0,0.0,0.0,0.0005375,0.1073217,0.0007423,0.0009232,0.0,0.0,0.0,0.0,0.0,0.0,0.0,0.0,0.0,0.0,0.0,0.0,0.2407163,0.0002003,8.14e-05,6.1e-05,0.0,0.4561018,0.0,0.0007661,0.0,0.0,0.0,0.0003909,0.0,0.0,0.0,0.0,0.0,0.0,0.0,0.0,7.7e-06,0.001205,0.0002324,0.8343244,0.0004777,0.0004599,1e-07,0.981826,0.0,0.0,0.0,0.0
0.0006814,0.0921711,0.0006074,0.000472,0.0,0.0002869,0.0,0.0,0.0,0.0,0.0,0.0,0.0,0.0,0.0,0.0,0.000537,0.1099494,0.0007423,0.001244,0.0,0.0,0.0,0.0,0.0,0.0,0.0,0.0,0.0,0.0,0.0,0.0,0.2458057,0.0002003,8.14e-05,6.1e-05,0.0,0.4635332,0.0,0.0007661,0.0,0.0,0.0,0.0003909,0.0,0.0,0.0,0.0,0.0,0.0,0.0,0.0,7.7e-06,0.001205,0.0002324,0.8409031,0.0004777,0.0004599,1e-07,0.9835399,0.0,0.0,0.0,0.0
0.0008506,0.0944998,0.0006074,0.0005576,0.0,0.0003731,0.0,0.0,0.0,0.0,0.0,0.0,0.0,0.0,0.0,0.0,0.0005365,0.1125416,0.0011976,0.001244,0.0,0.0,0.0,0.0,0.0,0.0,0.0,0.0,0.0,0.0,0.0,0.0,0.250302,0.0002003,8.14e-05,6.1e-05,0.0,0.4704758,0.0,0.0007661,0.0,0.0,0.0,0.0003909,0.0,0.0,0.0,0.0,0.0,0.0,0.0,0.0,7.7e-06,0.001205,0.0002324,0.8469436,0.0004777,0.0004599,1e-07,0.9850772,0.0,0.0,0.0,0.0
0.0009377,0.0967776,0.0006072,0.0007471,0.0,0.0004607,0.0,0.0,0.0,0.0,0.0,0.0,0.0,0.0,0.0,0.0,0.0005359,0.1151365,0.0011976,0.0014507,0.0,0.0,0.0,0.0,0.0,0.0,0.0,0.0,0.0,0.0,0.0,0.0,0.2545876,0.0002003,8.14e-05,6.1e-05,0.0,0.4767898,0.0,0.0007661,0.0,0.0,0.0,0.0003909,0.0,0.0,0.0,0.0,0.0,0.0,0.0,0.0,7.7e-06,0.001205,0.0002324,0.8525458,0.0004777,0.0004599,1e-07,0.9864709,0.0,0.0,0.0,0.0
0.0009377,0.098878,0.0006973,0.0007471,0.0,0.0004607,0.0,0.0,0.0,0.0,0.0,0.0,0.0,0.0,0.0,0.0,0.0005359,0.1174986,0.0011976,0.0014507,0.0,0.0,0.0,0.0,0.0,0.0,0.0,0.0,0.0,0.0,0.0,0.0,0.2592825,0.0002003,0.0005228,0.0002975,0.0,0.4826155,0.0,0.0007661,0.0,0.0,0.0,0.0003909,0.0,0.0,0.0,0.0,0.0,0.0,0.0,0.0,7.7e-06,0.001205,0.0002324,0.8569175,0.0004777,0.0004599,1e-07,0.9877345,0.0,0.0,0.0,0.0
0.0012098,0.1009084,0.0007893,0.0007471,0.0,0.0004607,0.0,0.0,0.0,0.0,0.0,0.0,0.0,0.0,0.0,0.0,0.0006427,0.1197557,0.0011952,0.0015585,0.0,0.0,0.0,0.0,0.0,0.0,0.0,0.0,0.0,0.0,0.0,0.0,0.2632328,0.0002003,0.0005228,0.0002975,0.0,0.4882301,0.0,0.0007661,0.0,0.0,0.0,0.0003909,0.0,0.0,0.0,0.0,0.0,0.0,0.0,0.0,7.7e-06,0.001205,0.0002324,0.8608523,0.0004777,0.0004599,1e-07,0.9888577,0.0,0.0,0.0,0.0
0.0012098,0.1028175,0.0007893,0.0008574,0.0,0.0004607,0.0,0.0,0.0,0.0,0.0,0.0,0.0,0.0,0.0,0.0,0.0006421,0.1217341,0.0011952,0.0017985,0.0,0.0,0.0,0.0,0.0,0.0,0.0,0.0,0.0,0.0,0.0,0.0,0.2671603,0.0002003,0.0005228,0.0002975,0.0,0.4937551,0.0,0.0007661,0.0,0.0,0.0,0.0003909,0.0,0.0,0.0,0.0,0.0,0.0,0.0,0.0,7.7e-06,0.001205,0.0002324,0.8654648,0.0004777,0.0004599,1e-07,0.9898984,0.0,0.0,0.0,0.0
0.0013038,0.104653,0.0009021,0.0008574,0.0,0.0004607,0.0,0.0,0.0,0.0,0.0,0.0,0.0,0.0,0.0,0.0,0.0006414,0.1240279,0.0011952,0.0017985,0.0,0.0,0.0,0.0,0.0,0.0,0.0,0.0,0.0,0.0,0.0,0.0,0.2709429,0.0002003,0.0005228,0.0002975,0.0,0.4987944,0.0,0.0007661,0.0,0.0,0.0,0.0003909,0.0,0.0,0.0,0.0,0.0,0.0,0.0,0.0,7.7e-06,0.001205,0.0002324,0.8697734,0.0004777,0.0004599,1e-07,0.990851,0.0,0.0,0.0,0.0
0.0014953,0.1063721,0.0009021,0.0008574,0.0,0.0004607,0.0,0.0,0.0,0.0,0.0,0.0,0.0,0.0,0.0,0.0,0.0006402,0.12574,0.0014445,0.0017968,0.0,0.0,0.0,0.0,0.0,0.0,0.0,0.0,0.0,0.0,0.0,0.0,0.2744452,0.0002003,0.0005228,0.0002975,0.0,0.5036996,0.0,0.0007661,0.0,0.0,0.0,0.0003909,0.0,0.0,0.0,0.0,0.0,0.0,0.0,0.0,7.7e-06,0.001205,0.0002324,0.8736771,0.0004777,0.0004599,1e-07,0.9916972,0.0,0.0,0.0,0.0
0.0014953,0.108032,0.0009021,0.0008574,0.0,0.0004607,0.0,0.0,0.0,0.0,0.0,0.0,0.0,0.0,0.0,0.0,0.0006395,0.1277027,0.0014445,0.0017968,0.0,0.0,0.0,0.0,0.0,0.0,0.0,0.0,0.0,0.0,0.0,0.0,0.2779606,0.0002003,0.0005228,0.0002975,0.0,0.5084272,0.0,0.0007661,0.0,0.0,0.0,0.0003909,0.0,0.0,0.0,0.0,0.0,0.0,0.0,0.0,7.7e-06,0.001205,0.0002324,0.8773599,0.0004777,0.0004599,1e-07,0.9924801,0.0,0.0,0.0,0.0
0.0014953,0.1096471,0.0009021,0.000857,0.0,0.0005606,0.0,0.0,0.0,0.0,0.0,0.0,0.0,0.0,0.0,0.0,0.0006382,0.1294823,0.0014445,0.0017968,0.0,0.0,0.0,0.0,0.0,0.0,0.0,0.0,0.0,0.0,0.0,0.0,0.2810897,0.0002003,0.0005228,0.000555,0.0,0.5130537,0.0,0.0007661,0.0,0.0,0.0,0.0003909,0.0,0.0,0.0,0.0,0.0,0.0,0.0,0.0,7.7e-06,0.001205,0.0007026,0.8789606,0.0004777,0.0004599,1e-07,0.9931688,0.0,0.0,0.0,0.0
0.0014953,0.1111944,0.0009021,0.000857,0.0,0.0005606,0.0,0.0,0.0,0.0,0.0,0.0,0.0,0.0,0.0,0.0,0.0006376,0.1313005,0.0014445,0.0017968,0.0,0.0,0.0,0.0,0.0,0.0,0.0,0.0,0.0,0.0,0.0,0.0,0.2843053,0.0002003,0.0005228,0.000555,0.0,0.5168343,0.0,0.0007661,0.0,0.0,0.0,0.0003909,0.0,0.0,0.0,0.0,0.0,0.0,0.0,0.0,7.7e-06,0.001205,0.0007026,0.8822667,0.0004777,0.0004599,1e-07,0.993813,0.0,0.0,0.0,0.0
0.0014953,0.1126863,0.0009021,0.000857,0.0,0.0005606,0.0,0.0,0.0,0.0,0.0,0.0,0.0,0.0,0.0,0.0,0.0006376,0.1329959,0.0017069,0.0017968,0.0,0.0,0.0,0.0,0.0,0.0,0.0,0.0,0.0,0.0,0.0,0.0,0.2869778,0.0002003,0.0005222,0.0008168,0.0,0.520883,0.0,0.0007661,0.0,0.0,0.0,0.0003909,0.0,0.0,0.0,0.0,0.0,0.0,0.0,0.0,7.7e-06,0.001205,0.0007026,0.8853141,0.0004777,0.0004599,1e-07,0.9943964,0.0,0.0,0.0,0.0
0.0014953,0.1141617,0.0010247,0.000857,0.0,0.0005606,0.0,0.0,0.0,0.0,0.0,0.0,0.0,0.0,0.0,0.0,0.0006376,0.1345681,0.0017069,0.0017968,0.0,0.0,0.0,0.0,0.0,0.0,0.0,0.0,0.0,0.0,0.0,0.0,0.2899847,0.0002003,0.0005222,0.0010827,0.0,0.524496,0.0,0.0007661,0.0,0.0,0.0,0.0003909,0.0,0.0,0.0,0.0,0.0,0.0,0.0,0.0,7.7e-06,0.001205,0.0007026,0.8872342,0.0004777,0.0004599,1e-07,0.9949249,0.0,0.0,0.0,0.0
0.0014943,0.1154311,0.0011298,0.000857,0.0,0.00056,0.0,0.0,0.0,0.0,0.0,0.0,0.0,0.0,0.0,0.0,0.0006376,0.1360657,0.0017069,0.0019196,0.0,0.0,0.0,0.0,0.0,0.0,0.0,0.0,0.0,0.0,0.0,0.0,0.2926407,0.0002003,0.0005222,0.0013487,0.0,0.5280233,0.0,0.0007661,0.0,0.0,0.0,0.0003909,0.0,0.0,0.0,0.0,0.0,0.0,0.0,0.0,7.7e-06,0.001205,0.0007026,0.8899051,0.0004777,0.0004599,1e-07,0.9954035,0.0,0.0,0.0,0.0
0.0015992,0.1167663,0.0011298,0.000857,0.0,0.00056,0.0,0.0,0.0,0.0,0.0,0.0,0.0,0.0,0.0,0.0,0.0006376,0.1375422,0.0017069,0.0019196,0.0,0.0,0.0,0.0,0.0,0.0,0.0,0.0,0.0,0.0,0.0,0.0,0.2952641,0.0002003,0.0005222,0.0016186,0.0,0.5311563,0.0,0.0007661,0.0,0.0,0.0,0.0003909,0.0,0.0,0.0,0.0,0.0,0.0,0.0,0.0,7.7e-06,0.001205,0.0007026,0.8914803,0.0004777,0.0004599,1e-07,0.9958369,0.0,0.0,0.0,0.0
0.0015981,0.1178598,0.0011298,0.000857,0.0,0.0005594,0.0,0.0,0.0,0.0,0.0,0.0,0.0,0.0,0.0,0.0,0.0009766,0.1385601,0.0017035,0.0023151,0.0,0.0,0.0,0.0,0.0,0.0,0.0,0.0,0.0,0.0,0.0,0.0,0.2973187,0.0002003,0.0005222,0.0016186,0.0,0.5339131,0.0,0.0007661,0.0,0.0,0.0,0.0003909,0.0,0.0,0.0,0.0,0.0,0.0,0.0,0.0,7.7e-06,0.001205,0.0007026,0.8927962,0.0004777,0.0004599,1e-07,0.9962144,0.0,0.0,0.0,0.0
0.0015981,0.1189202,0.0011292,0.000857,0.0,0.0005589,0.0,0.0,0.0,0.0,0.0,0.0,0.0,0.0,0.0,0.0,0.0009766,0.1398519,0.0020837,0.0023151,0.0,0.0,0.0,0.0,0.0,0.0,0.0,0.0,0.0,0.0,0.0,0.0,0.2997226,0.0002003,0.0005222,0.0021099,0.0,0.5352723,0.0,0.0007661,0.0,0.0,0.0,0.0003909,0.0,0.0,0.0,0.0,0.0,0.0,0.0,0.0,7.7e-06,0.0020269,0.0007026,0.8941626,0.0004777,0.0004599,1e-07,0.9962231,0.0,0.0,0.0,0.0
0.0015981,0.1199578,0.0011292,0.000857,0.0,0.0005589,0.0,0.0,0.0,0.0,0.0,0.0,0.0,0.0,0.0,0.0,0.0009747,0.1410416,0.0020837,0.0023151,0.0,0.0,0.0,0.0,0.0,0.0,0.0,0.0,0.0,0.0,0.0,0.0,0.3016179,0.0002003,0.0007794,0.0021099,0.0,0.5377053,0.0,0.0007661,0.0,0.0,0.0,0.0003909,0.0,0.0,0.0,0.0,0.0,0.0,0.0,0.0,7.7e-06,0.0020269,0.0007026,0.8962667,0.0004777,0.0004599,1e-07,0.9965758,0.0,0.0,0.0,0.0
0.0015981,0.1209823,0.0012573,0.000857,0.0,0.0005582,0.0,0.0,0.0,0.0,0.0,0.0,0.0,0.0,0.0,0.0,0.0009747,0.1421551,0.0020837,0.0023151,0.0,0.0,0.0,0.0,0.0,0.0,0.0,0.0,0.0,0.0,0.0,0.0,0.3034067,0.0002003,0.0007794,0.0021099,0.0,0.5402836,0.0,0.0007661,0.0,0.0,0.0,0.0003909,0.0,0.0,0.0,0.0,0.0,0.0,0.0,0.0,7.7e-06,0.0020269,0.0007026,0.898222,0.0004777,0.0004599,1e-07,0.9968987,0.0,0.0,0.0,0.0
0.0017079,0.1220018,0.0012573,0.000857,0.0,0.0005582,0.0,0.0,0.0,0.0,0.0,0.0,0.0,0.0,0.0,0.0,0.0009747,0.1433705,0.0023618,0.0024438,0.0,0.0,0.0,0.0,0.0,0.0,0.0,0.0,0.0,0.0,0.0,0.0,0.3049244,0.0002003,0.0007794,0.0026056,0.0,0.5419963,0.0,0.0007661,0.0,0.0,0.0,0.0003909,0.0,0.0,0.0,0.0,0.0,0.0,0.0,0.0,7.7e-06,0.0020269,0.0007026,0.9000197,0.0004777,0.0004599,1e-07,0.9971912,0.0,0.0,0.0,0.0
0.0017079,0.1229268,0.0012573,0.000969,0.0,0.0005582,0.0,0.0,0.0,0.0,0.0,0.0,0.0,0.0,0.0,0.0,0.0009737,0.1442794,0.0023618,0.0025733,0.0,0.0,0.0,0.0,0.0,0.0,0.0,0.0,0.0,0.0,0.0,0.0,0.3068673,0.0002003,0.0007794,0.0026056,0.0,0.5434316,0.0,0.0007661,0.0,0.0,0.0,0.0003909,0.0,0.0,0.0,0.0,0.0,0.0,0.0,0.0,7.7e-06,0.0028538,0.0007026,0.9007928,0.0004777,0.0004599,1e-07,0.9971269,0.0,0.0,0.0,0.0
0.0017079,0.1236527,0.0012573,0.000969,0.0,0.0005582,0.0,0.0,0.0,0.0,0.0,0.0,0.0,0.0,0.0,0.0,0.0009727,0.1449741,0.0026353,0.0028533,0.0,0.0,0.0,0.0,0.0,0.0,0.0,0.0,0.0,0.0,0.0,0.0,0.3076271,0.0002003,0.0012797,0.0026056,0.0,0.5443572,0.0,0.0007661,0.0,0.0,0.0,0.0003909,0.0,0.0,0.0,0.0,0.0,0.0,0.0,0.0,7.7e-06,0.0028538,0.0007026,0.9023058,0.0004777,0.0004599,1e-07,0.9973874,0.0,0.0,0.0,0.0
0.0018204,0.1243938,0.0012573,0.0009685,0.0,0.000672,0.0,0.0,0.0,0.0,0.0,0.0,0.0,0.0,0.0,0.0,0.0009717,0.1458582,0.0031966,0.0028533,0.0,0.0,0.0,0.0,0.0,0.0,0.0,0.0,0.0,0.0,0.0,0.0,0.3088015,0.0002003,0.0012797,0.0026056,0.0,0.5464438,0.0,0.0007661,0.0,0.0,0.0,0.0003909,0.0,0.0,0.0,0.0,0.0,0.0,0.0,0.0,7.7e-06,0.0028538,0.0007026,0.9037586,0.0004777,0.0004599,1e-07,0.9976338,0.0,0.0,0.0,0.0
0.0019332,0.1250582,0.0012573,0.0011021,0.0,0.000672,0.0,0.0,0.0,0.0,0.0,0.0,0.0,0.0,0.0,0.0,0.0010848,0.146609,0.0037585,0.0028533,0.0,0.0,0.0,0.0,0.0,0.0,0.0,0.0,0.0,0.0,0.0,0.0,0.3095554,0.0002003,0.0012797,0.0026056,0.0,0.5485931,0.0,0.0007661,0.0,0.0,0.0,0.0003909,0.0,0.0,0.0,0.0,0.0,0.0,0.0,0.0,7.7e-06,0.0028538,0.0007026,0.9041796,0.0004777,0.0004599,1e-07,0.9978548,0.0,0.0,0.0,0.0
0.0019332,0.1256199,0.0012573,0.0011021,0.0,0.000672,0.0,0.0,0.0,0.0,0.0,0.0,0.0,0.0,0.0,0.0,0.0013133,0.1471692,0.0038701,0.0028533,0.0,0.0,0.0,0.0,0.0,0.0,0.0,0.0,0.0,0.0,0.0,0.0,0.3113116,0.000335,0.0012797,0.0026056,0.0,0.5511736,0.0,0.0007661,0.0,0.0,0.0,0.0003909,0.0,0.0,0.0,0.0,0.0,0.0,0.0,0.0,7.7e-06,0.0028538,0.0012079,0.9046371,0.0004777,0.0004599,1e-07,0.9980571,0.0,0.0,0.0,0.0
0.001932,0.1262293,0.0012573,0.0011016,0.0,0.0007862,0.0,0.0,0.0,0.0,0.0,0.0,0.0,0.0,0.0,0.0,0.0013133,0.147838,0.0041534,0.003137,0.0,0.0,0.0,0.0,0.0,0.0,0.0,0.0,0.0,0.0,0.0,0.0,0.3130098,0.000335,0.0012797,0.0026056,0.0,0.5519778,0.0,0.0007661,0.0,0.0,0.0,0.0003909,0.0,0.0,0.0,0.0,0.0,0.0,0.0,0.0,7.7e-06,0.0028538,0.0012079,0.9050067,0.0004777,0.0004599,1e-07,0.9982368,0.0,0.0,0.0,0.0
0.001932,0.1268555,0.0012573,0.0011016,0.0,0.0007862,0.0,0.0,0.0,0.0,0.0,0.0,0.0,0.0,0.0,0.0,0.0013133,0.148669,0.0041534,0.003137,0.0,0.0,0.0,0.0,0.0,0.0,0.0,0.0,0.0,0.0,0.0,0.0,0.3140636,0.000335,0.0012797,0.0026056,0.0,0.5533572,0.0,0.0007657,0.0,0.0,0.0,0.0003905,0.0,0.0,0.0,0.0,0.0,0.0,0.0,0.0,7.7e-06,0.0028538,0.0012079,0.906275,0.0004777,0.0004599,1e-07,0.9984031,0.0,0.0,0.0,0.0
0.001932,0.127483,0.0012573,0.0011012,0.0,0.0009022,0.0,0.0,0.0,0.0,0.0,0.0,0.0,0.0,0.0,0.0,0.0014292,0.1494088,0.0041534,0.003137,0.0,0.0,0.0,0.0,0.0,0.0,0.0,0.0,0.0,0.0,0.0,0.0,0.3151073,0.000335,0.0012797,0.0026056,0.0,0.5549272,0.0,0.0007657,0.0,0.0,0.0,0.0003905,0.0,0.0,0.0,0.0,0.0,0.0,0.0,0.0,7.7e-06,0.0028538,0.0012079,0.9074487,0.0004777,0.0004599,1e-07,0.9985551,0.0,0.0,0.0,0.0
0.001932,0.1280808,0.0012573,0.0011012,0.0,0.0009022,0.0,0.0,0.0,0.0,0.0,0.0,0.0,0.0,0.0,0.0,0.0014292,0.1500114,0.0041534,0.003137,0.0,0.0,0.0,0.0,0.0,0.0,0.0,0.0,0.0,0.0,0.0,0.0,0.3161299,0.000335,0.0012797,0.0026056,0.0,0.5563926,0.0,0.0007657,0.0,0.0,0.0,0.0003905,0.0,0.0,0.0,0.0,0.0,0.0,0.0,0.0,7.7e-06,0.0028538,0.0012079,0.9085233,0.0004777,0.0004599,1e-07,0.9986927,0.0,0.0,0.0,0.0
0.001932,0.128617,0.0012573,0.0012385,0.0,0.0009022,0.0,0.0,0.0,0.0,0.0,0.0,0.0,0.0,0.0,0.0,0.0014292,0.1506334,0.0044405,0.003137,0.0,0.0,0.0,0.0,0.0,0.0,0.0,0.0,0.0,0.0,0.0,0.0,0.3167329,0.000335,0.001791,0.0026056,0.0,0.5572251,0.0,0.0007657,0.0,0.0,0.0,0.0003905,0.0,0.0,0.0,0.0,0.0,0.0,0.0,0.0,7.7e-06,0.0028538,0.0012079,0.9094976,0.0004777,0.0004599,1e-07,0.998816,0.0,0.0,0.0,0.0
0.0020475,0.1290748,0.0012573,0.0014924,0.0,0.0010188,0.0,0.0,0.0,0.0,0.0,0.0,0.0,0.0,0.0,0.0,0.0014292,0.1511308,0.0044405,0.003137,0.0,0.0,0.0,0.0,0.0,0.0,0.0,0.0,0.0,0.0,0.0,0.0,0.3175684,0.000335,0.001791,0.0026056,0.0,0.5585502,0.0,0.0007657,0.0,0.0,0.0,0.0003905,0.0,0.0,0.0,0.0,0.0,0.0,0.0,0.0,7.7e-06,0.0028538,0.0012079,0.9103902,0.0004777,0.0004599,1e-07,0.9989276,0.0,0.0,0.0,0.0
0.0020475,0.1295107,0.0014925,0.0014924,0.0,0.0010188,0.0,0.0,0.0,0.0,0.0,0.0,0.0,0.0,0.0,0.0,0.0014292,0.1515254,0.0044405,0.003137,0.0,0.0,0.0,0.0,0.0,0.0,0.0,0.0,0.0,0.0,0.0,0.0,0.3186809,0.0006274,0.001791,0.0026056,0.0,0.5592609,0.0,0.0007657,0.0,0.0,0.0,0.0003905,0.0,0.0,0.0,0.0,0.0,0.0,0.0,0.0,7.7e-06,0.0028538,0.0012079,0.9112079,0.0004777,0.0004599,1e-07,0.9990287,0.0,0.0,0.0,0.0
0.0020464,0.129819,0.0014925,0.0014924,0.0,0.0010178,0.0,0.0,0.0,0.0,0.0,0.0,0.0,0.0,0.0,0.0,0.0015425,0.1517073,0.0044405,0.003137,0.0,0.0,0.0,0.0,0.0,0.0,0.0,0.0,0.0,0.0,0.0,0.0,0.3190537,0.0006274,0.001791,0.0026056,0.0,0.5599349,0.0,0.0007657,0.0,0.0,0.0,0.0003905,0.0,0.0,0.0,0.0,0.0,0.0,0.0,0.0,7.7e-06,0.0036895,0.0012079,0.9110664,0.0004777,0.0004599,1e-07,0.9988144,0.0,0.0,0.0,0.0
0.0020464,0.1301887,0.0014925,0.0016306,0.0,0.0010178,0.0,0.0,0.0,0.0,0.0,0.0,0.0,0.0,0.0,0.0,0.0015425,0.1523398,0.0044405,0.003137,0.0,0.0,0.0,0.0,0.0,0.0,0.0,0.0,0.0,0.0,0.0,0.0,0.3196853,0.0006274,0.001791,0.0026056,0.0,0.5610929,0.0,0.0007657,0.0,0.0,0.0,0.0003905,0.0,0.0,0.0,0.0,0.0,0.0,0.0,0.0,7.7e-06,0.0036895,0.0012079,0.9118182,0.0004777,0.0004599,1e-07,0.9989273,0.0,0.0,0.0,0.0
0.0020464,0.1305474,0.0014919,0.0016306,0.0,0.0010167,0.0,0.0,0.0,0.0,0.0,0.0,0.0,0.0,0.0,0.0,0.0015425,0.1526745,0.0044405,0.003137,0.0,0.0,0.0,0.0,0.0,0.0,0.0,0.0,0.0,0.0,0.0,0.0,0.3204242,0.0006274,0.001791,0.0026056,0.0002945,0.5618632,0.0,0.0007657,0.0,0.0,0.0,0.0003905,0.0,0.0,0.0,0.0,0.0,0.0,0.0,0.0,7.7e-06,0.0036895,0.0012079,0.9116312,0.0004777,0.0004599,1e-07,0.9990275,0.0,0.0,0.0,0.0
0.0020464,0.1308084,0.0014919,0.0017493,0.0,0.0010167,0.0,0.0,0.0,0.0,0.0,0.0,0.0,0.0,0.0,0.0,0.0015409,0.1528828,0.0044405,0.0034288,0.0,0.0,0.0,0.0,0.0,0.0,0.0,0.0,0.0,0.0,0.0,0.0,0.3210244,0.0006274,0.001791,0.0026056,0.0005891,0.5625214,4e-07,0.0007657,0.0,0.0,0.0,0.0013092,0.0,0.0,0.0,0.0,0.0,0.0,0.0,0.0,7.7e-06,0.0036895,0.0012079,0.9113422,0.0004777,0.0004599,1e-07,0.9985964,0.0,0.0,0.0,0.0
0.0020464,0.1311685,0.0016312,0.0018873,0.0,0.0010156,0.0,0.0,0.0,0.0,0.0,0.0,0.0,0.0,0.0,0.0,0.0016568,0.153345,0.0044405,0.0034288,0.0,0.0,0.0,0.0,0.0,0.0,0.0,0.0,0.0,0.0,0.0,0.0,0.3215045,0.0006274,0.001791,0.0026056,0.0005891,0.5633228,4e-07,0.0007657,0.0,0.0,0.0,0.0013092,0.0,0.0,0.0,0.0,0.0,0.0,0.0,0.0,7.7e-06,0.0036895,0.0012079,0.9111534,0.0004777,0.0004599,1e-07,0.998725,0.0,0.0,0.0,0.0
0.0020464,0.1314699,0.0016312,0.0018873,0.0,0.0010156,0.0,0.0,0.0,0.0,0.0,0.0,0.0,0.0,0.0,0.0,0.0016535,0.1536088,0.0044405,0.0035664,0.0,0.0,0.0,0.0,0.0,0.0,0.0,0.0,0.0,0.0,0.0,0.0,0.3219799,0.0006274,0.001791,0.0031217,0.0005891,0.5629941,4e-07,0.0007657,0.0,0.0,0.0,0.0013092,0.0,0.0,0.0,0.0,0.0,0.0,0.0,0.0,7.7e-06,0.0036895,0.0012079,0.9118683,0.0004777,0.0004599,1e-07,0.9988429,0.0,0.0,0.0,0.0
0.0020464,0.1317315,0.0016305,0.0018873,0.0,0.0011356,0.0,0.0,0.0,0.0,0.0,0.0,0.0,0.0,0.0,0.0,0.001773,0.1540069,0.0044405,0.0035664,0.0,0.0,0.0,0.0,0.0,0.0,0.0,0.0,0.0,0.0,0.0,0.0,0.3224909,0.0006274,0.001791,0.0031217,0.0005891,0.5638987,4e-07,0.0007657,0.0,0.0,0.0,0.0013092,0.0,0.0,0.0,0.0,0.0,0.0,0.0,0.0,7.7e-06,0.0036895,0.0012079,0.9125461,0.0004777,0.0004599,1e-07,0.9989531,0.0,0.0,0.0,0.0
0.0021656,0.1320301,0.0016305,0.002004,0.0,0.0013744,0.0,0.0,0.0,0.0,0.0,0.0,0.0,0.0,0.0,0.0,0.0019109,0.1543339,0.0044405,0.0037046,0.0,0.0,0.0,0.0,0.0,0.0,0.0,0.0,0.0,0.0,0.0,0.0,0.3232705,0.0006274,0.001791,0.0031217,0.0005891,0.5634447,4e-07,0.0007657,0.0,0.0,0.0,0.0013092,0.0,0.0,0.0,0.0,0.0,0.0,0.0,0.0,7.7e-06,0.0045257,0.0012079,0.9122613,0.0004777,0.0004599,1e-07,0.99874,0.0,0.0,0.0,0.0
0.0021656,0.1322654,0.0016305,0.002004,0.0,0.0013744,0.0,0.0,0.0,0.0,0.0,0.0,0.0,0.0,0.0,0.0,0.0019109,0.1545543,0.0044405,0.0039983,0.0,0.0,0.0,0.0,0.0,0.0,0.0,0.0,0.0,0.0,0.0,0.0,0.3235185,0.0006274,0.001791,0.0031217,0.0005891,0.56439,4e-07,0.0007657,0.0,0.0,0.0,0.0013092,0.0,0.0,0.0,0.0,0.0,0.0,0.0,0.0,7.7e-06,0.0045257,0.0012079,0.9127533,0.0004777,0.0004599,1e-07,0.998706,0.0,0.0,0.0,0.0
0.0021656,0.1325601,0.0017712,0.002004,0.0,0.0013744,0.0,0.0,0.0,0.0,0.0,0.0,0.0,0.0,0.0,0.0,0.0019109,0.1548356,0.0044405,0.0041364,0.0,0.0,0.0,0.0,0.0,0.0,0.0,0.0,0.0,0.0,0.0,0.0,0.3237331,0.0006274,0.001791,0.0031217,0.0005891,0.5652216,4e-07,0.0007657,0.0,0.0,0.0,0.0013092,0.0,0.0,0.0,0.0,0.0,0.0,0.0,0.0,7.7e-06,0.0045257,0.0012079,0.9133354,0.0004777,0.0004599,1e-07,0.9988292,0.0,0.0,0.0,0.0
0.0021656,0.1327303,0.0017712,0.002004,0.0,0.0013744,0.0,0.0,0.0,0.0,0.0,0.0,0.0,0.0,0.0,0.0,0.0019109,0.1550571,0.0044405,0.0041364,0.0,0.0,0.0,0.0,0.0,0.0,0.0,0.0,0.0,0.0,0.0,0.0,0.3241537,0.0006274,0.001791,0.0031217,0.0005891,0.565981,4e-07,0.0007657,0.0,0.0,0.0,0.0013092,0.0,0.0,0.0,0.0,0.0,0.0,0.0,0.0,7.7e-06,0.0045257,0.0012079,0.9138724,0.0004777,0.0004599,1e-07,0.9989407,0.0,0.0,0.0,0.0
0.0021656,0.1329606,0.0017712,0.002004,0.0,0.0013744,0.0,0.0,0.0,0.0,0.0,0.0,0.0,0.0,0.0,0.0,0.0021513,0.1553823,0.0047344,0.0044307,0.0,0.0,0.0,0.0,0.0,0.0,0.0,0.0,0.0,0.0,0.0,0.0,0.3240954,0.0006274,0.001791,0.0031217,0.0005891,0.5666191,4e-07,0.0007657,0.0,0.0,0.0,0.0013092,0.0,0.0,0.0,0.0,0.0,0.0,0.0,0.0,7.7e-06,0.0045257,0.0012079,0.9134993,0.0004777,0.0004599,1e-07,0.9990406,0.0,0.0,0.0,0.0
0.0025261,0.1330389,0.0017712,0.002004,0.0,0.0013744,0.0,0.0,0.0,0.0,0.0,0.0,0.0,0.0,0.0,0.0,0.0021513,0.1554107,0.0047344,0.0044307,0.0,0.0,0.0,0.0,0.0,0.0,0.0,0.0,0.0,0.0,0.0,0.0,0.3246511,0.0006274,0.001791,0.0031217,0.0005891,0.567434,4e-07,0.0007657,0.0,0.0,0.0,0.0013092,0.0,0.0,0.0,0.0,0.0,0.0,0.0,0.0,7.7e-06,0.0045257,0.0012079,0.9140383,0.0004777,0.0004599,1e-07,0.9991319,0.0,0.0,0.0,0.0
0.0026445,0.1330361,0.0017701,0.002004,0.0,0.0013703,0.0,0.0,0.0,0.0,0.0,0.0,0.0,0.0,0.0,0.0,0.0021513,0.1552658,0.0047344,0.0045688,0.0,0.0,0.0,0.0,0.0,0.0,0.0,0.0,0.0,0.0,0.0,0.0,0.3254521,0.0006274,0.001791,0.0031217,0.0005891,0.5668488,4e-07,0.0007657,0.0,0.0,0.0,0.0013092,0.0,0.0,0.0,0.0,0.0,0.0,0.0,0.0,7.7e-06,0.0045257,0.0012079,0.9145146,0.0004777,0.0004599,1e-07,0.9992114,0.0,0.0,0.0,0.0
0.0026445,0.1332302,0.0018908,0.002145,0.0,0.0013703,0.0,0.0,0.0,0.0,0.0,0.0,0.0,0.0,0.0,0.0,0.0022715,0.1557222,0.0047344,0.0045688,0.0,0.0,0.0,0.0,0.0,0.0,0.0,0.0,0.0,0.0,0.0,0.0,0.3254513,0.0006274,0.001791,0.0031217,0.0005891,0.5674779,4e-07,0.0007657,0.0,0.0,0.0,0.0013092,0.0,0.0,0.0,0.0,0.0,0.0,0.0,0.0,7.7e-06,0.0045257,0.0012079,0.9141148,0.0004777,0.0004599,1e-07,0.9992858,0.0,0.0,0.0,0.0
0.0026445,0.1334392,0.0018908,0.002145,0.0,0.0013703,0.0,0.0,0.0,0.0,0.0,0.0,0.0,0.0,0.0,0.0,0.0024123,0.1558861,0.0047344,0.0045688,0.0,0.0,0.0,0.0,0.0,0.0,0.0,0.0,0.0,0.0,0.0,0.0,0.3255827,0.0006274,0.0017892,0.0031217,0.0005891,0.5679954,4e-07,0.0007657,0.0,0.0,0.0,0.0018304,0.0,0.0,0.0,0.0,0.0,0.0,0.0,0.0,7.7e-06,0.0045257,0.0012079,0.9137207,0.0004777,0.0004599,1.3e-06,0.9993525,0.0,0.0,0.0,0.0
0.0026445,0.1335958,0.0018908,0.002145,0.0,0.0013703,0.0,0.0,0.0,0.0,0.0,0.0,0.0,0.0,0.0,0.0,0.0024123,0.1560342,0.0047344,0.0045688,0.0,0.0,0.0,0.0,0.0,0.0,0.0,0.0,0.0,0.0,0.0,0.0,0.325893,0.0006274,0.0017892,0.0031217,0.0005891,0.5682074,4e-07,0.0007666,0.0,0.0,0.0,0.0018285,0.0,0.0,0.0,0.0,0.0,0.0,0.0,0.0,7.7e-06,0.0045257,0.0012079,0.9142594,0.0004777,0.0004599,1.3e-06,0.9994136,0.0,0.0,0.0,0.0
0.0026445,0.1337128,0.0018908,0.002145,0.0,0.0013703,0.0,0.0,0.0,0.0,0.0,0.0,0.0,0.0,0.0,0.0,0.0025303,0.1561349,0.0047344,0.0045688,0.0,0.0,0.0,0.0,0.0,0.0,0.0,0.0,0.0,0.0,0.0,0.0,0.3260072,0.0006274,0.0017892,0.0031217,0.0005891,0.568665,4e-07,0.0007666,0.0,0.0,0.0,0.0018285,0.0,0.0,0.0,0.0,0.0,0.0,0.0,0.0,7.7e-06,0.0045257,0.0012079,0.9147523,0.0004777,0.0004599,1.3e-06,0.9994689,0.0,0.0,0.0,0.0
0.0026445,0.1338467,0.0018908,0.0022864,0.0,0.0013703,0.0,0.0,0.0,0.0,0.0,0.0,0.0,0.0,0.0,0.0,0.0025303,0.1562655,0.0047344,0.0045688,0.0,0.0,0.0,0.0,0.0,0.0,0.0,0.0,0.0,0.0,0.0,0.0,0.3262054,0.0006274,0.0017892,0.0031186,0.0005891,0.569085,4e-07,0.0007666,0.0,0.0,0.0,0.0018285,0.0,0.0,0.0,0.0,0.0,0.0,0.0,0.0,7.7e-06,0.0045257,0.0012079,0.9152033,0.0004777,0.0004599,1.3e-06,0.999519,0.0,0.0,0.0,0.0
0.0027651,0.1339442,0.0018908,0.0022864,0.0,0.0013703,0.0,0.0,0.0,0.0,0.0,0.0,0.0,0.0,0.0,0.0,0.0025278,0.1563651,0.0047344,0.0045688,0.0,0.0,0.0,0.0,0.0,0.0,0.0,0.0,0.0,0.0,0.0,0.0,0.3263466,0.0006274,0.0017874,0.0031186,0.0005891,0.5694899,4e-07,0.0007666,0.0,0.0,0.0,0.0018285,0.0,0.0,0.0,0.0,0.0,0.0,0.0,0.0,7.7e-06,0.0045257,0.0012079,0.9156119,0.0004777,0.0004599,1.3e-06,0.9995639,0.0,0.0,0.0,0.0
0.0030059,0.1339071,0.0021334,0.0022854,0.0,0.0014921,0.0,0.0,0.0,0.0,0.0,0.0,0.0,0.0,0.0,0.0,0.0025278,0.1561649,0.0047297,0.0048598,0.0,0.0,0.0,0.0,0.0,0.0,0.0,0.0,0.0,0.0,0.0,0.0,0.3263221,0.0007708,0.00231,0.0031186,0.0005891,0.5698192,4e-07,0.0007666,0.0,0.0,0.0,0.0018285,0.0,0.0,0.0,0.0,0.0,0.0,0.0,0.0,7.7e-06,0.0045257,0.0012079,0.9159824,0.0004777,0.0004599,1.3e-06,0.9996042,0.0,0.0,0.0,0.0
0.0030059,0.1339278,0.0021334,0.0024268,0.0,0.0014921,0.0,0.0,0.0,0.0,0.0,0.0,0.0,0.0,0.0,0.0,0.0025278,0.1563447,0.0051388,0.0048598,0.0,0.0,0.0,0.0,0.0,0.0,0.0,0.0,0.0,0.0,0.0,0.0,0.3265078,0.0007708,0.00231,0.0031186,0.0005891,0.5698429,4e-07,0.0007666,0.0,0.0,0.0,0.0018285,0.0,0.0,0.0,0.0,0.0,0.0,0.0,0.0,7.7e-06,0.0045257,0.0012079,0.9154797,0.0004777,0.0004599,1.3e-06,0.9996412,0.0,0.0,0.0,0.0
0.0030059,0.1340414,0.0021334,0.0024257,0.0,0.0016139,0.0,0.0,0.0,0.0,0.0,0.0,0.0,0.0,0.0,0.0,0.0025253,0.1564289,0.0051388,0.0048598,0.0,0.0,0.0,0.0,0.0,0.0,0.0,0.0,0.0,0.0,0.0,0.0,0.3268826,0.0007708,0.00231,0.0031186,0.0005891,0.5701641,4e-07,0.0007666,0.0,0.0,0.0,0.0018285,0.0,0.0,0.0,0.0,0.0,0.0,0.0,0.0,7.7e-06,0.0045257,0.0012079,0.9158763,0.0004777,0.0004599,1.3e-06,0.999675,0.0,0.0,0.0,0.0
0.0030059,0.1340369,0.0022546,0.0024257,0.0,0.0016139,0.0,0.0,0.0,0.0,0.0,0.0,0.0,0.0,0.0,0.0,0.0025227,0.1564425,0.0051388,0.0048598,0.0,0.0,0.0,0.0,0.0,0.0,0.0,0.0,0.0,0.0,0.0,0.0,0.3270275,0.0007708,0.0023077,0.0031186,0.0005891,0.5707279,4e-07,0.0007666,0.0,0.0,0.0,0.0018285,0.0,0.0,0.0,0.0,0.0,0.0,0.0,0.0,7.7e-06,0.0045257,0.0012079,0.9162349,0.0004777,0.0004599,1.3e-06,0.9997054,0.0,0.0,0.0,0.0
0.0030059,0.1341162,0.0023757,0.0024257,0.0,0.0016139,0.0,0.0,0.0,0.0,0.0,0.0,0.0,0.0,0.0,0.0,0.0025227,0.1566078,0.0057246,0.0048598,0.0,0.0,0.0,0.0,0.0,0.0,0.0,0.0,0.0,0.0,0.0,0.0,0.3268576,0.0007708,0.0023077,0.0031186,0.0005891,0.5709729,4e-07,0.0007666,0.0,0.0,0.0,0.0018285,0.0,0.0,0.0,0.0,0.0,0.0,0.0,0.0,7.7e-06,0.0045257,0.0012079,0.9165656,0.0004777,0.0004599,1.3e-06,0.9997332,0.0,0.0,0.0,0.0
0.0030059,0.1341318,0.0023739,0.0024257,0.0,0.0016107,0.0,0.0,0.0,0.0,0.0,0.0,0.0,0.0,0.0,0.0,0.0025227,0.156463,0.0057189,0.0048598,0.0,0.0,0.0,0.0,0.0,0.0,0.0,0.0,0.0,0.0,0.0,0.0,0.3267506,0.0007708,0.0023054,0.0031186,0.0005891,0.5706855,4e-07,0.0007666,0.0,0.0,0.0,0.0018285,0.0,0.0,0.0,0.0,0.0,0.0,0.0,0.0,7.7e-06,0.0045257,0.0012079,0.9168587,0.0004777,0.0004599,1.3e-06,0.9997576,0.0,0.0,0.0,0.0
